anexo;segmento;item;cest;ncm_norma;ncm_prefixo;descricao_norma;situacao;revogado_por;sem_st_desde
I;Fumo ou seus sucedâneos manufaturados;1;04.001.00;2402;2402;Charutos, cigarrilhas e cigarros, de tabaco ou dos seus sucedâneos;VIGENTE;;
I;Fumo ou seus sucedâneos manufaturados;2;04.002.00;2403.1;24031;Tabaco para fumar, mesmo contendo sucedâneos de tabaco em qualquer proporção;VIGENTE;;
II;Cimento;1;05.001.00;2523;2523;Cimento;VIGENTE;;
III;Cerveja, chope, refrigerante, água e outras bebidas;1;03.001.00;2201.10.00;22011000;Água mineral, gasosa ou não, ou potável, naturais, em garrafa de vidro, retornável ou não, com capacidade de até 500 ml;REVOGADO;Portaria CAT-57/21;2021-08-07
III;Cerveja, chope, refrigerante, água e outras bebidas;2;03.002.00;2201.10.00;22011000;"Água mineral, gasosa ou não, ou potável, naturais, em embalagem com capacidade igual ou superior a 5.000 ml; exceto as classificadas no CEST 03.024.00 e 03.025.00";REVOGADO;Portaria CAT-57/21;2021-08-07
III;Cerveja, chope, refrigerante, água e outras bebidas;3;03.003.00;2201.10.00;22011000;Água mineral, gasosa ou não, ou potável, naturais, em embalagem de vidro descartável;REVOGADO;Portaria SRE-09/26;2026-07-01
III;Cerveja, chope, refrigerante, água e outras bebidas;3;03.003.00;2201.90.00;22019000;Água mineral, gasosa ou não, ou potável, naturais, em embalagem de vidro descartável;REVOGADO;Portaria SRE-09/26;2026-07-01
III;Cerveja, chope, refrigerante, água e outras bebidas;3;03.003.00;2201.10.00;22011000;Água mineral, gasosa ou não, ou potável, naturais, em embalagem de vidro descartável;VIGENTE;;
III;Cerveja, chope, refrigerante, água e outras bebidas;3;03.003.00;2201.10.00;22011000;Água mineral, gasosa ou não, ou potável, naturais, em embalagem de vidro, não retornável, com capacidade de até 300 ml;VIGENTE;;
III;Cerveja, chope, refrigerante, água e outras bebidas;3.1;03.003.01;2201.10.00;22011000;Água mineral, gasosa ou não, ou potável, naturais, adicionadas de sais, em embalagem de vidro descartável;REVOGADO;Portaria SRE-09/26;2026-07-01
III;Cerveja, chope, refrigerante, água e outras bebidas;3.1;03.003.01;2201.90.00;22019000;Água mineral, gasosa ou não, ou potável, naturais, adicionadas de sais, em embalagem de vidro descartável;REVOGADO;Portaria SRE-09/26;2026-07-01
III;Cerveja, chope, refrigerante, água e outras bebidas;3.1;03.003.01;2201.10.00;22011000;Água mineral, gasosa ou não, ou potável, naturais, adicionadas de sais, em embalagem de vidro descartável;VIGENTE;;
III;Cerveja, chope, refrigerante, água e outras bebidas;4;03.004.00;2201.10.00;22011000;Água mineral, gasosa ou não, ou potável, naturais, em garrafa plástica de 1.500 ml;REVOGADO;Portaria CAT-57/21;2021-08-07
III;Cerveja, chope, refrigerante, água e outras bebidas;5;03.005.00;2201.10.00;22011000;Água mineral, gasosa ou não, ou potável, naturais, em copo plástico descartável;VIGENTE;;
III;Cerveja, chope, refrigerante, água e outras bebidas;5;03.005.00;2201.90.00;22019000;Água mineral, gasosa ou não, ou potável, naturais, em copo plástico descartável;VIGENTE;;
III;Cerveja, chope, refrigerante, água e outras bebidas;5;03.005.00;2201.10.00;22011000;Água mineral, gasosa ou não, ou potável, naturais, em copo plástico descartável;VIGENTE;;
III;Cerveja, chope, refrigerante, água e outras bebidas;5;03.005.00;2201.10.00;22011000;Água mineral, gasosa ou não, ou potável, naturais, em copos plásticos e embalagem plástica com capacidade de até 500 ml;VIGENTE;;
III;Cerveja, chope, refrigerante, água e outras bebidas;5.1;03.005.01;2201.10.00;22011000;Água mineral, gasosa ou não, ou potável, naturais, adicionadas de sais, em copo plástico descartável;REVOGADO;Portaria SRE-09/26;2026-07-01
III;Cerveja, chope, refrigerante, água e outras bebidas;5.1;03.005.01;2201.90.00;22019000;Água mineral, gasosa ou não, ou potável, naturais, adicionadas de sais, em copo plástico descartável;REVOGADO;Portaria SRE-09/26;2026-07-01
III;Cerveja, chope, refrigerante, água e outras bebidas;5.1;03.005.01;2201.10.00;22011000;Água mineral, gasosa ou não, ou potável, naturais, adicionadas de sais, em copo plástico descartável;VIGENTE;;
III;Cerveja, chope, refrigerante, água e outras bebidas;5.2;03.005.02;2201.10.00;22011000;Água mineral, gasosa ou não, ou potável, naturais, em jarra descartável;REVOGADO;Portaria SRE-09/26;2026-07-01
III;Cerveja, chope, refrigerante, água e outras bebidas;5.2;03.005.02;2201.90.00;22019000;Água mineral, gasosa ou não, ou potável, naturais, em jarra descartável;REVOGADO;Portaria SRE-09/26;2026-07-01
III;Cerveja, chope, refrigerante, água e outras bebidas;5.2;03.005.02;2201.10.00;22011000;Água mineral, gasosa ou não, ou potável, naturais, em jarra descartável;VIGENTE;;
III;Cerveja, chope, refrigerante, água e outras bebidas;5.3;03.005.03;2201.10.00;22011000;Água mineral, gasosa ou não, ou potável, naturais, adicionadas de sais, em jarra descartável;REVOGADO;Portaria SRE-09/26;2026-07-01
III;Cerveja, chope, refrigerante, água e outras bebidas;5.3;03.005.03;2201.90.00;22019000;Água mineral, gasosa ou não, ou potável, naturais, adicionadas de sais, em jarra descartável;REVOGADO;Portaria SRE-09/26;2026-07-01
III;Cerveja, chope, refrigerante, água e outras bebidas;5.3;03.005.03;2201.10.00;22011000;Água mineral, gasosa ou não, ou potável, naturais, adicionadas de sais, em jarra descartável;VIGENTE;;
III;Cerveja, chope, refrigerante, água e outras bebidas;5.4;03.005.04;2201.10.00;22011000;Água mineral, gasosa ou não, ou potável, naturais, em demais embalagens descartáveis;REVOGADO;Portaria SRE-09/26;2026-07-01
III;Cerveja, chope, refrigerante, água e outras bebidas;5.4;03.005.04;2201.90.00;22019000;Água mineral, gasosa ou não, ou potável, naturais, em demais embalagens descartáveis;REVOGADO;Portaria SRE-09/26;2026-07-01
III;Cerveja, chope, refrigerante, água e outras bebidas;5.4;03.005.04;2201.10.00;22011000;Água mineral, gasosa ou não, ou potável, naturais, em demais embalagens descartáveis;VIGENTE;;
III;Cerveja, chope, refrigerante, água e outras bebidas;5.5;03.005.05;2201.10.00;22011000;Água mineral, gasosa ou não, ou potável, naturais, adicionadas de sais, em demais embalagens descartáveis;REVOGADO;Portaria SRE-09/26;2026-07-01
III;Cerveja, chope, refrigerante, água e outras bebidas;5.5;03.005.05;2201.90.00;22019000;Água mineral, gasosa ou não, ou potável, naturais, adicionadas de sais, em demais embalagens descartáveis;REVOGADO;Portaria SRE-09/26;2026-07-01
III;Cerveja, chope, refrigerante, água e outras bebidas;5.5;03.005.05;2201.10.00;22011000;Água mineral, gasosa ou não, ou potável, naturais, adicionadas de sais, em demais embalagens descartáveis;VIGENTE;;
III;Cerveja, chope, refrigerante, água e outras bebidas;6;03.006.00;2201;2201;"Outras águas minerais, gasosa ou não, ou potável, naturais; exceto as classificadas no CEST 03.003.00, 03.003.01, 03.005.00, 03.005.01 a 03.005.05, 03.024.00 e 03.025.00";REVOGADO;Portaria SRE-09/26;2026-07-01
III;Cerveja, chope, refrigerante, água e outras bebidas;6;03.006.00;2201.10.00;22011000;"Outras águas minerais, potáveis ou naturais, gasosas ou não, inclusive gaseificadas; exceto as classificadas no CEST 03.024.00 e 03.025.00";VIGENTE;;
III;Cerveja, chope, refrigerante, água e outras bebidas;7;03.007.00;2202.10.00;22021000;Água aromatizada artificialmente, exceto os refrescos e refrigerantes;REVOGADO;Portaria SRE-09/26;2026-07-01
III;Cerveja, chope, refrigerante, água e outras bebidas;7;03.007.00;2202.10.00;22021000;Águas minerais, potáveis ou naturais, gasosas ou não, inclusive gaseificadas ou aromatizadas artificialmente, exceto os refrescos e refrigerantes;VIGENTE;;
III;Cerveja, chope, refrigerante, água e outras bebidas;8;03.008.00;2202.99.00;22029900;Outras águas minerais, gasosa ou não, ou potável, naturais, inclusive gaseificadas ou aromatizadas artificialmente, exceto os refrescos e refrigerantes;REVOGADO;Portaria SRE-09/26;2026-07-01
III;Cerveja, chope, refrigerante, água e outras bebidas;8;03.008.00;2202.99.00;22029900;Outras águas minerais, potáveis ou naturais, gasosas ou não, inclusive gaseificadas ou aromatizadas artificialmente;VIGENTE;;
III;Cerveja, chope, refrigerante, água e outras bebidas;9;03.010.00;2202.10.00;22021000;Refrigerante em vidro descartável;VIGENTE;;
III;Cerveja, chope, refrigerante, água e outras bebidas;9;03.010.00;2202.99.00;22029900;Refrigerante em vidro descartável;VIGENTE;;
III;Cerveja, chope, refrigerante, água e outras bebidas;9;03.010.00;2202;2202;Refrigerantes em garrafa com capacidade igual ou superior a 600 ml, exceto os classificados no CEST 03.011.01;VIGENTE;;
III;Cerveja, chope, refrigerante, água e outras bebidas;9.1;03.010.01;2202.10.00;22021000;Refrigerante em embalagem pet;VIGENTE;;
III;Cerveja, chope, refrigerante, água e outras bebidas;9.1;03.010.01;2202.99.00;22029900;Refrigerante em embalagem pet;VIGENTE;;
III;Cerveja, chope, refrigerante, água e outras bebidas;9.2;03.010.02;2202.10.00;22021000;Refrigerante em lata;VIGENTE;;
III;Cerveja, chope, refrigerante, água e outras bebidas;9.2;03.010.02;2202.99.00;22029900;Refrigerante em lata;VIGENTE;;
III;Cerveja, chope, refrigerante, água e outras bebidas;10;03.011.00;2202.10.00;22021000;Demais refrigerantes, exceto os classificados no CEST 03.010.00, 03.010.01, 03.010.02 e 03.011.01;VIGENTE;;
III;Cerveja, chope, refrigerante, água e outras bebidas;10;03.011.00;2202.99.00;22029900;Demais refrigerantes, exceto os classificados no CEST 03.010.00, 03.010.01, 03.010.02 e 03.011.01;VIGENTE;;
III;Cerveja, chope, refrigerante, água e outras bebidas;10;03.011.00;2202;2202;Demais refrigerantes, exceto os classificados no CEST 03.010.00 e 03.011.01;VIGENTE;;
III;Cerveja, chope, refrigerante, água e outras bebidas;11;03.011.01;2202;2202;Espumantes sem álcool;VIGENTE;;
III;Cerveja, chope, refrigerante, água e outras bebidas;12;03.012.00;2106.90.10;21069010;Xarope ou extrato concentrado destinados ao preparo de refrigerante em máquina “pré-mix” ou “post-mix”, exceto o classificado no CEST 03.012.01;VIGENTE;;
III;Cerveja, chope, refrigerante, água e outras bebidas;12;03.012.00;2106.90.10;21069010;Xarope ou extrato concentrado destinados ao preparo de refrigerante em máquina “pré-mix” ou “post-mix”;VIGENTE;;
III;Cerveja, chope, refrigerante, água e outras bebidas;12.1;03.012.01;2106.90.10;21069010;Cápsula de refrigerante;VIGENTE;;
III;Cerveja, chope, refrigerante, água e outras bebidas;13;03.013.00;2106.90;210690;Bebidas energéticas em lata;VIGENTE;;
III;Cerveja, chope, refrigerante, água e outras bebidas;13;03.013.00;2202.99.00;22029900;Bebidas energéticas em lata;VIGENTE;;
III;Cerveja, chope, refrigerante, água e outras bebidas;13.1;03.013.01;2106.90;210690;Bebidas energéticas em embalagem PET;VIGENTE;;
III;Cerveja, chope, refrigerante, água e outras bebidas;13.1;03.013.01;2202.99.00;22029900;Bebidas energéticas em embalagem PET;VIGENTE;;
III;Cerveja, chope, refrigerante, água e outras bebidas;13.2;03.013.02;2106.90;210690;Bebidas energéticas em vidro;VIGENTE;;
III;Cerveja, chope, refrigerante, água e outras bebidas;13.2;03.013.02;2202.99.00;22029900;Bebidas energéticas em vidro;VIGENTE;;
III;Cerveja, chope, refrigerante, água e outras bebidas;13;03.013.00;2106.90;210690;Bebidas energéticas em embalagem com capacidade inferior a 600ml;VIGENTE;;
III;Cerveja, chope, refrigerante, água e outras bebidas;13;03.013.00;2202.99.00;22029900;Bebidas energéticas em embalagem com capacidade inferior a 600ml;VIGENTE;;
III;Cerveja, chope, refrigerante, água e outras bebidas;14;03.014.00;2106.90;210690;Bebidas energéticas em embalagem com capacidade igual ou superior a 600ml;REVOGADO;Portaria CAT-57/21;2021-08-07
III;Cerveja, chope, refrigerante, água e outras bebidas;14;03.014.00;2202.99.00;22029900;Bebidas energéticas em embalagem com capacidade igual ou superior a 600ml;REVOGADO;Portaria CAT-57/21;2021-08-07
III;Cerveja, chope, refrigerante, água e outras bebidas;15;03.015.00;2106.90;210690;Bebidas hidroeletrolíticas;VIGENTE;;
III;Cerveja, chope, refrigerante, água e outras bebidas;15;03.015.00;2202.99.00;22029900;Bebidas hidroeletrolíticas;VIGENTE;;
III;Cerveja, chope, refrigerante, água e outras bebidas;15;03.015.00;2106.90;210690;Bebidas hidroeletrolíticas (isotônicas) em embalagem com capacidade inferior a 600ml;VIGENTE;;
III;Cerveja, chope, refrigerante, água e outras bebidas;15;03.015.00;2202.99.00;22029900;Bebidas hidroeletrolíticas (isotônicas) em embalagem com capacidade inferior a 600ml;VIGENTE;;
III;Cerveja, chope, refrigerante, água e outras bebidas;16;03.016.00;2106.90;210690;Bebidas hidroeletrolíticas (isotônicas) em embalagem com capacidade igual ou superior a 600ml;REVOGADO;Portaria CAT-57/21;2021-08-07
III;Cerveja, chope, refrigerante, água e outras bebidas;16;03.016.00;2202.99.00;22029900;Bebidas hidroeletrolíticas (isotônicas) em embalagem com capacidade igual ou superior a 600ml;REVOGADO;Portaria CAT-57/21;2021-08-07
III;Cerveja, chope, refrigerante, água e outras bebidas;17;03.021.00;2203.00.00;22030000;Cerveja em garrafa de vidro retornável;VIGENTE;;
III;Cerveja, chope, refrigerante, água e outras bebidas;17;03.021.00;2203.00.00;22030000;Cerveja;VIGENTE;;
III;Cerveja, chope, refrigerante, água e outras bebidas;17.1;03.021.01;2203.00.00;22030000;Cerveja em garrafa de vidro descartável;VIGENTE;;
III;Cerveja, chope, refrigerante, água e outras bebidas;17.2;03.021.02;2203.00.00;22030000;Cerveja em garrafa de alumínio;VIGENTE;;
III;Cerveja, chope, refrigerante, água e outras bebidas;17.3;03.021.03;2203.00.00;22030000;Cerveja em lata;VIGENTE;;
III;Cerveja, chope, refrigerante, água e outras bebidas;17.4;03.021.04;2203.00.00;22030000;Cerveja em barril;VIGENTE;;
III;Cerveja, chope, refrigerante, água e outras bebidas;17.5;03.021.05;2203.00.00;22030000;Cerveja em embalagem PET;VIGENTE;;
III;Cerveja, chope, refrigerante, água e outras bebidas;17.6;03.021.06;2203.00.00;22030000;Cerveja em outras embalagens;VIGENTE;;
III;Cerveja, chope, refrigerante, água e outras bebidas;18;03.022.00;2202.91.00;22029100;Cerveja sem álcool em garrafa de vidro retornável;VIGENTE;;
III;Cerveja, chope, refrigerante, água e outras bebidas;18;03.022.00;2202.91.00;22029100;Cerveja sem álcool;VIGENTE;;
III;Cerveja, chope, refrigerante, água e outras bebidas;18.1;03.022.01;2202.91.00;22029100;Cerveja sem álcool em garrafa de vidro descartável;VIGENTE;;
III;Cerveja, chope, refrigerante, água e outras bebidas;18.2;03.022.02;2202.91.00;22029100;Cerveja sem álcool em garrafa de alumínio;VIGENTE;;
III;Cerveja, chope, refrigerante, água e outras bebidas;18.3;03.022.03;2202.91.00;22029100;Cerveja sem álcool em lata;VIGENTE;;
III;Cerveja, chope, refrigerante, água e outras bebidas;18.4;03.022.04;2202.91.00;22029100;Cerveja sem álcool em barril;VIGENTE;;
III;Cerveja, chope, refrigerante, água e outras bebidas;18.5;03.022.05;2202.91.00;22029100;Cerveja sem álcool em embalagem PET;VIGENTE;;
III;Cerveja, chope, refrigerante, água e outras bebidas;18.6;03.022.06;2202.91.00;22029100;Cerveja sem álcool em outras embalagens;VIGENTE;;
III;Cerveja, chope, refrigerante, água e outras bebidas;19;03.023.00;2203.00.00;22030000;Chope;VIGENTE;;
III;Cerveja, chope, refrigerante, água e outras bebidas;20;03.024.00;2201.10.00;22011000;Água mineral em embalagens retornáveis com capacidade igual ou superior a 10 (dez) e inferior a 20 (vinte) litros;REVOGADO;Portaria SRE-09/26;2026-07-01
III;Cerveja, chope, refrigerante, água e outras bebidas;21;03.025.00;2201.10.00;22011000;Água mineral em embalagens retornáveis com capacidade igual ou superior a 20 (vinte) litros;REVOGADO;Portaria SRE-09/26;2026-07-01
IV;Sorvete e preparado para fabricação de sorvete em máquina;1;23.001.00;2105.00;210500;Sorvetes de qualquer espécie;REVOGADO;Portaria SRE-09/26;2026-07-01
IV;Sorvete e preparado para fabricação de sorvete em máquina;2;23.002.00;1806;1806;Preparados para fabricação de sorvete em máquina;REVOGADO;Portaria SRE-09/26;2026-07-01
IV;Sorvete e preparado para fabricação de sorvete em máquina;2;23.002.00;1901;1901;Preparados para fabricação de sorvete em máquina;REVOGADO;Portaria SRE-09/26;2026-07-01
IV;Sorvete e preparado para fabricação de sorvete em máquina;2;23.002.00;2106;2106;Preparados para fabricação de sorvete em máquina;REVOGADO;Portaria SRE-09/26;2026-07-01
IV;Sorvete e preparado para fabricação de sorvete em máquina;2;23.002.00;0404;0404;Preparados para fabricação de sorvete em máquina;REVOGADO;Portaria SRE-09/26;2026-07-01
IV;Sorvete e preparado para fabricação de sorvete em máquina;2;23.002.00;1806;1806;Preparados para fabricação de sorvete em máquina;REVOGADO;Portaria SRE-09/26;2026-07-01
IV;Sorvete e preparado para fabricação de sorvete em máquina;2;23.002.00;1901;1901;Preparados para fabricação de sorvete em máquina;REVOGADO;Portaria SRE-09/26;2026-07-01
IV;Sorvete e preparado para fabricação de sorvete em máquina;2;23.002.00;2106;2106;Preparados para fabricação de sorvete em máquina;REVOGADO;Portaria SRE-09/26;2026-07-01
V;Veículo novo de duas e três rodas motorizado;1;26.001.00;8711;8711;"Motocicletas (incluídos os ciclomotores) e outros ciclos equipados com motor auxiliar, mesmo com carro lateral, exceto os classificados no CEST 26.001.01; carros laterais.";VIGENTE;;
V;Veículo novo de duas e três rodas motorizado;1;26.001.00;8711;8711;"Motocicletas (incluídos os ciclomotores) e outros ciclos equipados com motor auxiliar, mesmo com carro lateral; carros laterais";VIGENTE;;
V;Veículo novo de duas e três rodas motorizado;1.1;26.001.01;8711;8711;Bicicletas e outros ciclos (incluídos os triciclos) com propulsão de motor elétrico auxiliar assistido pela força humana.;VIGENTE;;
VI;Veículo automotor novo;1;25.001.00;8702.10.00;87021000;Veículos automóveis para transporte de 10 pessoas ou mais, incluindo o motorista, unicamente com motor de pistão, de ignição por compressão (diesel ou semidiesel), com volume interno de habitáculo, destinado a passageiros e motorista, superior a 6 m³, mas inferior a 9 m³;VIGENTE;;
VI;Veículo automotor novo;1;25.002.00;8702.40.90;87024090;Veículos automóveis para transporte de 10 pessoas ou mais, incluindo o motorista, unicamente com motor elétrico para propulsão, com volume interno de habitáculo, destinado a passageiros e motorista, superior a 6 m³, mas inferior a 9 m³;VIGENTE;;
VI;Veículo automotor novo;2;25.003.00;8703.21.00;87032100;Automóveis unicamente com motor de pistão alternativo de ignição por centelha (faísca*), de cilindrada não superior a 1000 cm³;VIGENTE;;
VI;Veículo automotor novo;3;25.004.00;8703.22.10;87032210;Automóveis unicamente com motor de pistão alternativo de ignição por centelha (faísca*), de cilindrada superior a 1000 cm³, mas não superior a 1500 cm³, com capacidade de transporte de pessoas sentadas inferior ou igual a 6, incluído o condutor, exceto carro celular;VIGENTE;;
VI;Veículo automotor novo;4;25.005.00;8703.22.90;87032290;Outros automóveis unicamente com motor de pistão alternativo de ignição por centelha (faísca*), de cilindrada superior a 1000 cm³, mas não superior a 1500 cm³, exceto carro celular;VIGENTE;;
VI;Veículo automotor novo;5;25.006.00;8703.23.10;87032310;Automóveis unicamente com motor de pistão alternativo de ignição por centelha (faísca*), de cilindrada superior a 1500 cm³, mas não superior a 3000 cm³, com capacidade de transporte de pessoas sentadas inferior ou igual a 6, incluído o condutor, exceto carro celular, carro funerário e automóveis de corrida;VIGENTE;;
VI;Veículo automotor novo;6;25.007.00;8703.23.90;87032390;Outros automóveis unicamente com motor de pistão alternativo de ignição por centelha (faísca*), de cilindrada superior a 1500 cm³, mas não superior a 3000 cm³, exceto carro celular, carro funerário e automóveis de corrida;VIGENTE;;
VI;Veículo automotor novo;7;25.008.00;8703.24.10;87032410;Automóveis unicamente com motor de pistão alternativo de ignição por centelha (faísca*), de cilindrada superior a 3000 cm³, com capacidade de transporte de pessoas sentadas inferior ou igual a 6, incluído o condutor, exceto carro celular, carro funerário e automóveis de corrida;VIGENTE;;
VI;Veículo automotor novo;8;25.009.00;8703.24.90;87032490;Outros automóveis unicamente com motor de pistão alternativo de ignição por centelha (faísca*), de cilindrada superior a 3000 cm³, exceto carro celular, carro funerário e automóveis de corrida;VIGENTE;;
VI;Veículo automotor novo;9;25.010.00;8703.32.10;87033210;Automóveis unicamente com motor diesel ou semidiesel, de cilindrada superior a 1500 cm³, mas não superior a 2500 cm³, com capacidade de transporte de pessoas sentadas inferior ou igual a 6, incluído o condutor, exceto ambulância, carro celular e carro funerário;VIGENTE;;
VI;Veículo automotor novo;10;25.011.00;8703.32.90;87033290;Outros automóveis unicamente com motor diesel ou semidiesel, de cilindrada superior a 1500 cm³, mas não superior a 2500 cm³, exceto ambulância, carro celular e carro funerário;VIGENTE;;
VI;Veículo automotor novo;11;25.012.00;8703.33.10;87033310;Automóveis unicamente com motor diesel ou semidiesel, de cilindrada superior a 2500 cm³, com capacidade de transporte de pessoas sentadas inferior ou igual a 6, incluído o condutor, exceto carro celular e carro funerário;VIGENTE;;
VI;Veículo automotor novo;12;25.013.00;8703.33.90;87033390;Outros automóveis unicamente com motor diesel ou semidiesel, de cilindrada superior a 2500 cm³, exceto carro celular e carro funerário;VIGENTE;;
VI;Veículo automotor novo;13;25.014.00;8704.21.10;87042110;Veículos automóveis para transporte de mercadorias, de peso em carga máxima não superior a 5 toneladas, chassis com motor diesel ou semidiesel e cabina, exceto caminhão de peso em carga máxima superior a 3,9 toneladas;VIGENTE;;
VI;Veículo automotor novo;14;25.015.00;8704.21.20;87042120;Veículos automóveis para transporte de mercadorias, de peso em carga máxima não superior a 5 toneladas, com motor diesel ou semidiesel, com caixa basculante, exceto caminhão de peso em carga máxima superior a 3,9 toneladas;VIGENTE;;
VI;Veículo automotor novo;15;25.016.00;8704.21.30;87042130;Veículos automóveis para transporte de mercadorias, de peso em carga máxima não superior a 5 toneladas, frigoríficos ou isotérmicos, com motor diesel ou semidiesel, exceto caminhão de peso em carga máxima superior a 3,9 toneladas;VIGENTE;;
VI;Veículo automotor novo;16;25.017.00;8704.21.90;87042190;Outros veículos automóveis para transporte de mercadorias, de peso em carga máxima não superior a 5 toneladas, com motor diesel ou semidiesel, exceto carro-forte para transporte de valores e caminhão de peso em carga máxima superior a 3,9 toneladas;VIGENTE;;
VI;Veículo automotor novo;17;25.018.00;8704.31.10;87043110;Veículos automóveis para transporte de mercadorias, de peso em carga máxima não superior a 5 toneladas, com motor a explosão, chassis e cabina, exceto caminhão de peso em carga máxima superior a 3,9 toneladas;VIGENTE;;
VI;Veículo automotor novo;18;25.019.00;8704.31.20;87043120;Veículos automóveis para transporte de mercadorias, de peso em carga máxima não superior a 5 toneladas, com motor explosão com caixa basculante, exceto caminhão de peso em carga máxima superior a 3,9 toneladas;VIGENTE;;
VI;Veículo automotor novo;19;25.020.00;8704.31.30;87043130;Veículos automóveis para transporte de mercadorias, de peso em carga máxima não superior a 5 toneladas, frigoríficos ou isotérmicos com motor explosão, exceto caminhão de peso em carga máxima superior a 3,9 toneladas;VIGENTE;;
VI;Veículo automotor novo;20;25.021.00;8704.31.90;87043190;Outros veículos automóveis para transporte de mercadorias, de peso em carga máxima não superior a 5 toneladas, com motor a explosão, exceto carro-forte para transporte de valores e caminhão de peso em carga máxima superior a 3,9 toneladas;VIGENTE;;
VI;Veículo automotor novo;20;25.022.00;8702.20.00;87022000;Veículos automóveis para transporte de 10 pessoas ou mais, incluindo o motorista, com motor de pistão, de ignição por compressão (diesel ou semidiesel) e um motor elétrico, com volume interno de habitáculo, destinado a passageiros e motorista, superior a 6 m³, mas inferior a 9 m³;VIGENTE;;
VI;Veículo automotor novo;20;25.023.00;8702.30.00;87023000;Veículos automóveis para transporte de 10 pessoas ou mais, incluindo o motorista, com motor de pistão alternativo, de ignição por centelha (faísca) e um motor elétrico, com volume interno de habitáculo, destinado a passageiros e motorista, superior a 6 m³, mas inferior a 9 m³;VIGENTE;;
VI;Veículo automotor novo;21;25.024.00;8702.90.00;87029000;Outros veículos automóveis para transporte de 10 pessoas ou mais, incluindo o motorista, com volume interno de habitáculo, destinado a passageiros e motorista, superior a 6 m³, mas inferior a 9 m³;VIGENTE;;
VI;Veículo automotor novo;22;25.025.00;8703.40.00;87034000;Automóveis equipados para propulsão, simultaneamente, com um motor de pistão alternativo de ignição por centelha (faísca*) e um motor elétrico, exceto os suscetíveis de serem carregados por conexão a uma fonte externa de energia elétrica, o carro celular e o carro funerário;VIGENTE;;
VI;Veículo automotor novo;23;25.026.00;8703.50.00;87035000;Automóveis equipados para propulsão, simultaneamente, com um motor de pistão por compressão (diesel ou semidiesel) e um motor elétrico, exceto os suscetíveis de serem carregados por conexão a uma fonte externa de energia elétrica, exceto o carro celular e o carro funerário;VIGENTE;;
VI;Veículo automotor novo;24;25.027.00;8703.60.00;87036000;Automóveis equipados para propulsão, simultaneamente, com um motor de pistão alternativo de ignição por centelha (faísca*) e um motor elétrico, suscetíveis de serem carregados por conexão a uma fonte externa de energia elétrica, exceto o carro celular e o carro funerário;VIGENTE;;
VI;Veículo automotor novo;25;25.028.00;8703.70.00;87037000;Automóveis equipados para propulsão, simultaneamente, com um motor de pistão por compressão (diesel ou semidiesel) e um motor elétrico, suscetíveis de serem carregados por conexão a uma fonte externa de energia elétrica, exceto o carro celular e o carro funerário;VIGENTE;;
VI;Veículo automotor novo;26;25.029.00;8703.80.00;87038000;Outros veículos, equipados unicamente com motor elétrico para propulsão;VIGENTE;;
VI;Veículo automotor novo;27;25.030.00;8704.41.00;87044100;Outros veículos para transportes de mercadorias equipados para propulsão, simultaneamente, com motor de pistão de ignição por compressão (diesel ou semidiesel) e motor elétrico de peso em carga máxima (bruto) não superior a 5 toneladas, exceto caminhão de peso em carga máxima superior a 3,9 toneladas;VIGENTE;;
VI;Veículo automotor novo;28;25.031.00;8704.51.00;87045100;Outros veículos para transportes de mercadorias equipados para propulsão, simultaneamente, com motor de pistão de ignição por centelha (faísca) e motor elétrico de peso em carga máxima (bruto) não superior a 5 toneladas, exceto caminhão de peso em carga máxima superior a 3,9 toneladas;VIGENTE;;
VI;Veículo automotor novo;29;25.032.00;8704.60.00;87046000;Outros veículos para transporte de mercadorias, unicamente com motor elétrico para propulsão, exceto veículo de peso em carga máxima superior a 3,9 toneladas;VIGENTE;;
VII;Pneumáticos, câmaras de ar e protetores de borracha;1;16.001.00;4011.10.00;40111000;Pneus novos, dos tipos utilizados em automóveis de passageiros (incluídos os veículos de uso misto - camionetas e os automóveis de corrida);REVOGADO;Portaria SRE-34/26;2026-10-01
VII;Pneumáticos, câmaras de ar e protetores de borracha;2;16.002.00;4011;4011;Pneus novos, dos tipos utilizados em caminhões (inclusive para os fora-de-estrada), ônibus, aviões, máquinas de terraplenagem, de construção e conservação de estradas, máquinas e tratores agrícolas, pá-carregadeira;REVOGADO;Portaria SRE-34/26;2026-10-01
VII;Pneumáticos, câmaras de ar e protetores de borracha;3;16.003.00;4011.40.00;40114000;Pneus novos para motocicletas;REVOGADO;Portaria SRE-34/26;2026-10-01
VII;Pneumáticos, câmaras de ar e protetores de borracha;4;16.004.00;4011;4011;Outros tipos de pneus novos, exceto os itens classificados no CEST 16.005.00;REVOGADO;Portaria SRE-34/26;2026-10-01
VII;Pneumáticos, câmaras de ar e protetores de borracha;5;16.005.00;4011.50.00;40115000;Pneus novos de borracha dos tipos utilizados em bicicletas;REVOGADO;Portaria SRE-34/26;2026-10-01
VII;Pneumáticos, câmaras de ar e protetores de borracha;6;16.007.00;4012.90;401290;Protetores de borracha, exceto os itens classificados no CEST 16.007.01;REVOGADO;Portaria SRE-34/26;2026-10-01
VII;Pneumáticos, câmaras de ar e protetores de borracha;7;16.008.00;4013;4013;Câmaras de ar de borracha, exceto os itens classificados no CEST 16.009.00;REVOGADO;Portaria SRE-34/26;2026-10-01
VII;Pneumáticos, câmaras de ar e protetores de borracha;8;16.009.00;4013.20.00;40132000;Câmaras de ar de borracha dos tipos utilizados em bicicletas;REVOGADO;Portaria SRE-34/26;2026-10-01
VIII;Tintas, vernizes e outros produtos da indústria química;1;24.001.00;3208;3208;Tintas, vernizes;REVOGADO;revogado;2026-10-01
VIII;Tintas, vernizes e outros produtos da indústria química;1;24.001.00;3209;3209;Tintas, vernizes;REVOGADO;revogado;2026-10-01
VIII;Tintas, vernizes e outros produtos da indústria química;1;24.001.00;3210.00;321000;Tintas, vernizes;REVOGADO;revogado;2026-10-01
VIII;Tintas, vernizes e outros produtos da indústria química;2;24.002.00;2821;2821;Xadrez e pós assemelhados, em embalagem de conteúdo inferior ou igual a 1 kg, exceto pigmentos à base de dióxido de titânio classificados no código NCM 3206.11.10;REVOGADO;revogado;2026-10-01
VIII;Tintas, vernizes e outros produtos da indústria química;2;24.002.00;3204.17.00;32041700;Xadrez e pós assemelhados, em embalagem de conteúdo inferior ou igual a 1 kg, exceto pigmentos à base de dióxido de titânio classificados no código NCM 3206.11.10;REVOGADO;revogado;2026-10-01
VIII;Tintas, vernizes e outros produtos da indústria química;2;24.002.00;3206;3206;Xadrez e pós assemelhados, em embalagem de conteúdo inferior ou igual a 1 kg, exceto pigmentos à base de dióxido de titânio classificados no código NCM 3206.11.10;REVOGADO;revogado;2026-10-01
VIII;Tintas, vernizes e outros produtos da indústria química;2;24.002.00;2821;2821;Xadrez e pós assemelhados, em embalagem de conteúdo inferior ou igual a 1 kg, exceto pigmentos à base de dióxido de titânio classificados no código 3206.11.19;REVOGADO;revogado;2026-10-01
VIII;Tintas, vernizes e outros produtos da indústria química;2;24.002.00;3204.17.00;32041700;Xadrez e pós assemelhados, em embalagem de conteúdo inferior ou igual a 1 kg, exceto pigmentos à base de dióxido de titânio classificados no código 3206.11.19;REVOGADO;revogado;2026-10-01
VIII;Tintas, vernizes e outros produtos da indústria química;2;24.002.00;3206;3206;Xadrez e pós assemelhados, em embalagem de conteúdo inferior ou igual a 1 kg, exceto pigmentos à base de dióxido de titânio classificados no código 3206.11.19;REVOGADO;revogado;2026-10-01
VIII;Tintas, vernizes e outros produtos da indústria química;2;24.002.00;2821;2821;Xadrez e pós assemelhados, exceto pigmentos à base de dióxido de titânio classificados no código 3206.11.19;REVOGADO;revogado;2026-10-01
VIII;Tintas, vernizes e outros produtos da indústria química;2;24.002.00;3204.17.00;32041700;Xadrez e pós assemelhados, exceto pigmentos à base de dióxido de titânio classificados no código 3206.11.19;REVOGADO;revogado;2026-10-01
VIII;Tintas, vernizes e outros produtos da indústria química;2;24.002.00;3206;3206;Xadrez e pós assemelhados, exceto pigmentos à base de dióxido de titânio classificados no código 3206.11.19;REVOGADO;revogado;2026-10-01
VIII;Tintas, vernizes e outros produtos da indústria química;3;24.003.00;3204;3204;Corantes para aplicação em bases, tintas e vernizes;REVOGADO;revogado;2026-10-01
VIII;Tintas, vernizes e outros produtos da indústria química;3;24.003.00;3205.00.00;32050000;Corantes para aplicação em bases, tintas e vernizes;REVOGADO;revogado;2026-10-01
VIII;Tintas, vernizes e outros produtos da indústria química;3;24.003.00;3206;3206;Corantes para aplicação em bases, tintas e vernizes;REVOGADO;revogado;2026-10-01
VIII;Tintas, vernizes e outros produtos da indústria química;3;24.003.00;3212;3212;Corantes para aplicação em bases, tintas e vernizes;REVOGADO;revogado;2026-10-01
IX;Medicamentos;1;13.001.00;3003;3003;Medicamentos de referência - positiva, exceto para uso veterinário;REVOGADO;Portaria SRE-64/25;2026-01-01
IX;Medicamentos;1;13.001.00;3004;3004;Medicamentos de referência - positiva, exceto para uso veterinário;REVOGADO;Portaria SRE-64/25;2026-01-01
IX;Medicamentos;2;13.001.01;3003;3003;Medicamentos de referência - negativa, exceto para uso veterinário;REVOGADO;Portaria SRE-64/25;2026-01-01
IX;Medicamentos;2;13.001.01;3004;3004;Medicamentos de referência - negativa, exceto para uso veterinário;REVOGADO;Portaria SRE-64/25;2026-01-01
IX;Medicamentos;3;13.001.02;3003;3003;Medicamentos de referência - neutra, exceto para uso veterinário;REVOGADO;Portaria SRE-64/25;2026-01-01
IX;Medicamentos;3;13.001.02;3004;3004;Medicamentos de referência - neutra, exceto para uso veterinário;REVOGADO;Portaria SRE-64/25;2026-01-01
IX;Medicamentos;4;13.002.00;3003;3003;Medicamentos genérico - positiva, exceto para uso veterinário;REVOGADO;Portaria SRE-64/25;2026-01-01
IX;Medicamentos;4;13.002.00;3004;3004;Medicamentos genérico - positiva, exceto para uso veterinário;REVOGADO;Portaria SRE-64/25;2026-01-01
IX;Medicamentos;5;13.002.01;3003;3003;Medicamentos genérico - negativa, exceto para uso veterinário;REVOGADO;Portaria SRE-64/25;2026-01-01
IX;Medicamentos;5;13.002.01;3004;3004;Medicamentos genérico - negativa, exceto para uso veterinário;REVOGADO;Portaria SRE-64/25;2026-01-01
IX;Medicamentos;6;13.002.02;3003;3003;Medicamentos genérico - neutra, exceto para uso veterinário;REVOGADO;Portaria SRE-64/25;2026-01-01
IX;Medicamentos;6;13.002.02;3004;3004;Medicamentos genérico - neutra, exceto para uso veterinário;REVOGADO;Portaria SRE-64/25;2026-01-01
IX;Medicamentos;7;13.003.00;3003;3003;Medicamentos similar - positiva, exceto para uso veterinário;REVOGADO;Portaria SRE-64/25;2026-01-01
IX;Medicamentos;7;13.003.00;3004;3004;Medicamentos similar - positiva, exceto para uso veterinário;REVOGADO;Portaria SRE-64/25;2026-01-01
IX;Medicamentos;8;13.003.01;3003;3003;Medicamentos similar - negativa, exceto para uso veterinário;REVOGADO;Portaria SRE-64/25;2026-01-01
IX;Medicamentos;8;13.003.01;3004;3004;Medicamentos similar - negativa, exceto para uso veterinário;REVOGADO;Portaria SRE-64/25;2026-01-01
IX;Medicamentos;9;13.003.02;3003;3003;Medicamentos similar - neutra, exceto para uso veterinário;REVOGADO;Portaria SRE-64/25;2026-01-01
IX;Medicamentos;9;13.003.02;3004;3004;Medicamentos similar - neutra, exceto para uso veterinário;REVOGADO;Portaria SRE-64/25;2026-01-01
IX;Medicamentos;10;13.004.00;3003;3003;Outros tipos de medicamentos - positiva, exceto para uso veterinário;REVOGADO;Portaria SRE-64/25;2026-01-01
IX;Medicamentos;10;13.004.00;3004;3004;Outros tipos de medicamentos - positiva, exceto para uso veterinário;REVOGADO;Portaria SRE-64/25;2026-01-01
IX;Medicamentos;11;13.004.01;3003;3003;Outros tipos de medicamentos - negativa, exceto para uso veterinário;REVOGADO;Portaria SRE-64/25;2026-01-01
IX;Medicamentos;11;13.004.01;3004;3004;Outros tipos de medicamentos - negativa, exceto para uso veterinário;REVOGADO;Portaria SRE-64/25;2026-01-01
IX;Medicamentos;12;13.004.02;3003;3003;Outros tipos de medicamentos - neutra, exceto para uso veterinário;REVOGADO;Portaria SRE-64/25;2026-01-01
IX;Medicamentos;12;13.004.02;3004;3004;Outros tipos de medicamentos - neutra, exceto para uso veterinário;REVOGADO;Portaria SRE-64/25;2026-01-01
IX;Medicamentos;13;13.005.00;3006.60.00;30066000;Preparações químicas contraceptivas de referência, à base de hormônios, de outros produtos da posição 29.37 ou de espermicidas - positiva;REVOGADO;Portaria SRE-64/25;2026-01-01
IX;Medicamentos;14;13.005.01;3006.60.00;30066000;Preparações químicas contraceptivas de referência, à base de hormônios, de outros produtos da posição 29.37 ou de espermicidas - negativa;REVOGADO;Portaria SRE-64/25;2026-01-01
IX;Medicamentos;15;13.005.02;3006.60.00;30066000;Preparações químicas contraceptivas genérico, à base de hormônios, de outros produtos da posição 29.37 ou de espermicidas - positiva;REVOGADO;Portaria SRE-64/25;2026-01-01
IX;Medicamentos;16;13.005.03;3006.60.00;30066000;Preparações químicas contraceptivas genérico, à base de hormônios, de outros produtos da posição 29.37 ou de espermicidas - negativa;REVOGADO;Portaria SRE-64/25;2026-01-01
IX;Medicamentos;17;13.005.04;3006.60.00;30066000;Preparações químicas contraceptivas similar, à base de hormônios, de outros produtos da posição 29.37 ou de espermicidas - positiva;REVOGADO;Portaria SRE-64/25;2026-01-01
IX;Medicamentos;18;13.005.05;3006.60.00;30066000;Preparações químicas contraceptivas similar, à base de hormônios, de outros produtos da posição 29.37 ou de espermicidas - negativa;REVOGADO;Portaria SRE-64/25;2026-01-01
IX;Medicamentos;19;13.006.00;2936;2936;Provitaminas e vitaminas, naturais ou reproduzidas por síntese (incluídos os concentrados naturais), bem como os seus derivados utilizados principalmente como vitaminas, misturados ou não entre si, mesmo em quaisquer soluções - neutra;REVOGADO;Portaria SRE-64/25;2026-01-01
IX;Medicamentos;20;13.008.00;3002;3002;Antissoro, outras frações do sangue, produtos imunológicos modificados, mesmo obtidos por via biotecnológica, exceto para uso veterinário - positiva;REVOGADO;Portaria SRE-64/25;2026-01-01
IX;Medicamentos;21;13.008.01;3002;3002;Antissoro, outras frações do sangue, produtos imunológicos modificados, mesmo obtidos por via biotecnológica, exceto para uso veterinário - negativa;REVOGADO;Portaria SRE-64/25;2026-01-01
IX;Medicamentos;22;13.009.00;3002;3002;Vacinas e produtos semelhantes, exceto para uso veterinário - positiva;REVOGADO;Portaria SRE-64/25;2026-01-01
IX;Medicamentos;23;13.009.01;3002;3002;Vacinas e produtos semelhantes, exceto para uso veterinário - negativa;REVOGADO;Portaria SRE-64/25;2026-01-01
IX;Medicamentos;24;13.010.00;3005.10.10;30051010;Curativos (pensos) adesivos e outros artigos com uma camada adesiva, impregnados ou recobertos de substâncias farmacêuticas - Lista Positiva;REVOGADO;Portaria SRE-64/25;2026-01-01
IX;Medicamentos;25;13.010.01;3005.10.10;30051010;Curativos (pensos) adesivos e outros artigos com uma camada adesiva, impregnados ou recobertos de substâncias farmacêuticas - Lista Negativa;REVOGADO;Portaria SRE-64/25;2026-01-01
IX;Medicamentos;26;13.011.00;3005;3005;Algodão, atadura, esparadrapo, gazes, pensos, sinapismos, e outros, acondicionados para venda a retalho para usos medicinais, cirúrgicos ou dentários, não impregnados ou recobertos de substâncias farmacêuticas - Lista Neutra;REVOGADO;Portaria SRE-64/25;2026-01-01
IX;Medicamentos;27;13.012.00;4015.12.00;40151200;Luvas cirúrgicas e luvas de procedimento - neutra;REVOGADO;Portaria SRE-64/25;2026-01-01
IX;Medicamentos;27;13.012.00;4015.19.00;40151900;Luvas cirúrgicas e luvas de procedimento - neutra;REVOGADO;Portaria SRE-64/25;2026-01-01
IX;Medicamentos;27;13.012.00;4015.11.00;40151100;Luvas cirúrgicas e luvas de procedimento - neutra;REVOGADO;Portaria SRE-64/25;2026-01-01
IX;Medicamentos;27;13.012.00;4015.19.00;40151900;Luvas cirúrgicas e luvas de procedimento - neutra;REVOGADO;Portaria SRE-64/25;2026-01-01
IX;Medicamentos;28;13.014.00;9018.31;901831;Seringas, mesmo com agulhas - neutra;REVOGADO;Portaria SRE-64/25;2026-01-01
IX;Medicamentos;29;13.015.00;9018.32.1;9018321;Agulhas para seringas - neutra;REVOGADO;Portaria SRE-64/25;2026-01-01
IX;Medicamentos;30;13.016.00;3926.90.90;39269090;Contraceptivos (dispositivos intrauterinos - DIU) - neutra;REVOGADO;Portaria SRE-64/25;2026-01-01
IX;Medicamentos;30;13.016.00;9018.90.99;90189099;Contraceptivos (dispositivos intrauterinos - DIU) - neutra;REVOGADO;Portaria SRE-64/25;2026-01-01
X;Bebidas alcoólicas;1;02.001.00;2205;2205;Aperitivos, amargos, bitter e similares;REVOGADO;Portaria SRE-64/25;2026-01-01
X;Bebidas alcoólicas;1;02.001.00;2208.90.00;22089000;Aperitivos, amargos, bitter e similares;REVOGADO;Portaria SRE-64/25;2026-01-01
X;Bebidas alcoólicas;2;02.002.00;2208.90.00;22089000;Batida e similares;REVOGADO;Portaria SRE-64/25;2026-01-01
X;Bebidas alcoólicas;3;02.003.00;2208.90.00;22089000;Bebida ice;REVOGADO;Portaria SRE-64/25;2026-01-01
X;Bebidas alcoólicas;4;02.004.00;2207.20;220720;Cachaça e aguardentes;REVOGADO;Portaria SRE-64/25;2026-01-01
X;Bebidas alcoólicas;4;02.004.00;2208.40.00;22084000;Cachaça e aguardentes;REVOGADO;Portaria SRE-64/25;2026-01-01
X;Bebidas alcoólicas;5;02.005.00;2205;2205;Catuaba e similares;REVOGADO;Portaria SRE-64/25;2026-01-01
X;Bebidas alcoólicas;5;02.005.00;2206.00.90;22060090;Catuaba e similares;REVOGADO;Portaria SRE-64/25;2026-01-01
X;Bebidas alcoólicas;5;02.005.00;2208.90.00;22089000;Catuaba e similares;REVOGADO;Portaria SRE-64/25;2026-01-01
X;Bebidas alcoólicas;6;02.006.00;2208.20.00;22082000;Conhaque, brandy e similares;REVOGADO;Portaria SRE-64/25;2026-01-01
X;Bebidas alcoólicas;7;02.007.00;2206.00.90;22060090;Cooler;REVOGADO;Portaria SRE-64/25;2026-01-01
X;Bebidas alcoólicas;7;02.007.00;2208.90.00;22089000;Cooler;REVOGADO;Portaria SRE-64/25;2026-01-01
X;Bebidas alcoólicas;8;02.008.00;2208.50.00;22085000;Gim (gin) e genebra;REVOGADO;Portaria SRE-64/25;2026-01-01
X;Bebidas alcoólicas;9;02.009.00;2205;2205;Jurubeba e similares;REVOGADO;Portaria SRE-64/25;2026-01-01
X;Bebidas alcoólicas;9;02.009.00;2206.00.90;22060090;Jurubeba e similares;REVOGADO;Portaria SRE-64/25;2026-01-01
X;Bebidas alcoólicas;9;02.009.00;2208.90.00;22089000;Jurubeba e similares;REVOGADO;Portaria SRE-64/25;2026-01-01
X;Bebidas alcoólicas;10;02.010.00;2208.70.00;22087000;Licores e similares;REVOGADO;Portaria SRE-64/25;2026-01-01
X;Bebidas alcoólicas;11;02.011.00;2208.20.00;22082000;Pisco;REVOGADO;Portaria SRE-64/25;2026-01-01
X;Bebidas alcoólicas;12;02.012.00;2208.40.00;22084000;Rum;REVOGADO;Portaria SRE-64/25;2026-01-01
X;Bebidas alcoólicas;13;02.013.00;2206.00.90;22060090;Saquê;REVOGADO;Portaria SRE-64/25;2026-01-01
X;Bebidas alcoólicas;14;02.014.00;2208.90.00;22089000;Steinhaeger;REVOGADO;Portaria SRE-64/25;2026-01-01
X;Bebidas alcoólicas;15;02.015.00;2208.90.00;22089000;Tequila;REVOGADO;Portaria SRE-64/25;2026-01-01
X;Bebidas alcoólicas;16;02.016.00;2208.30;220830;Uísque;REVOGADO;Portaria SRE-64/25;2026-01-01
X;Bebidas alcoólicas;17;02.017.00;2205;2205;Vermute e similares;REVOGADO;Portaria SRE-64/25;2026-01-01
X;Bebidas alcoólicas;18;02.018.00;2208.60.00;22086000;Vodka;REVOGADO;Portaria SRE-64/25;2026-01-01
X;Bebidas alcoólicas;19;02.019.00;2208.90.00;22089000;Derivados de vodka;REVOGADO;Portaria SRE-64/25;2026-01-01
X;Bebidas alcoólicas;20;02.020.00;2208.90.00;22089000;Arak;REVOGADO;Portaria SRE-64/25;2026-01-01
X;Bebidas alcoólicas;21;02.021.00;2208.20.00;22082000;Aguardente v ínica / grappa;REVOGADO;Portaria SRE-64/25;2026-01-01
X;Bebidas alcoólicas;22;02.022.00;2206.00.10;22060010;Sidra e similares;REVOGADO;Portaria SRE-64/25;2026-01-01
X;Bebidas alcoólicas;23;02.023.00;2205;2205;Sangrias e coquetéis;REVOGADO;Portaria SRE-64/25;2026-01-01
X;Bebidas alcoólicas;23;02.023.00;2206.00.90;22060090;Sangrias e coquetéis;REVOGADO;Portaria SRE-64/25;2026-01-01
X;Bebidas alcoólicas;23;02.023.00;2208.90.00;22089000;Sangrias e coquetéis;REVOGADO;Portaria SRE-64/25;2026-01-01
X;Bebidas alcoólicas;24;02.024.00;2204;2204;"Vinhos de uvas frescas, incluindo os vinhos enriquecidos com álcool; mostos de uvas. NOTA - Vide artigo 2º desta Portaria.";REVOGADO;Portaria SRE-64/25;2026-01-01
X;Bebidas alcoólicas;25;02.999.00;2205;2205;Outras bebidas alcoólicas não especificadas nos itens anteriores;REVOGADO;Portaria SRE-64/25;2026-01-01
X;Bebidas alcoólicas;25;02.999.00;2206;2206;Outras bebidas alcoólicas não especificadas nos itens anteriores;REVOGADO;Portaria SRE-64/25;2026-01-01
X;Bebidas alcoólicas;25;02.999.00;2207;2207;Outras bebidas alcoólicas não especificadas nos itens anteriores;REVOGADO;Portaria SRE-64/25;2026-01-01
X;Bebidas alcoólicas;25;02.999.00;2208;2208;Outras bebidas alcoólicas não especificadas nos itens anteriores;REVOGADO;Portaria SRE-64/25;2026-01-01
XI;Produtos de perfumaria e de higiene pessoal;1;20.001.00;1211.90.90;12119090;Henna (embalagens de conteúdo inferior ou igual a 200 g);REVOGADO;Portaria SRE-94/25;2026-04-01
XI;Produtos de perfumaria e de higiene pessoal;2;20.002.00;2712.10.00;27121000;Vaselina;REVOGADO;Portaria SRE-94/25;2026-04-01
XI;Produtos de perfumaria e de higiene pessoal;3;20.003.00;2814.20.00;28142000;Amoníaco em solução aquosa (amônia);REVOGADO;Portaria SRE-94/25;2026-04-01
XI;Produtos de perfumaria e de higiene pessoal;4;20.004.00;2847.00.00;28470000;Peróxido de hidrogênio, em embalagens de conteúdo inferior ou igual a 500 ml;REVOGADO;Portaria SRE-94/25;2026-04-01
XI;Produtos de perfumaria e de higiene pessoal;5;20.005.00;3006.70.00;30067000;Lubrificação íntima;REVOGADO;Portaria SRE-94/25;2026-04-01
XI;Produtos de perfumaria e de higiene pessoal;6;20.006.00;3301;3301;"Óleos essenciais (desterpenados ou não), incluídos os chamados “concretos” ou “absolutos”; resinoides; oleorresinas de extração; soluções concentradas de óleos essenciais em gorduras, em óleos fixos, em ceras ou em matérias análogas, obtidas por tratamento de flores através de substâncias gordas ou por maceração; subprodutos terpênicos residuais da desterpenação dos óleos essenciais; águas destiladas aromáticas e soluções aquosas de óleos essenciais, em embalagens de conteúdo inferior ou igual a 500 ml";REVOGADO;Portaria SRE-94/25;2026-04-01
XI;Produtos de perfumaria e de higiene pessoal;7;20.007.00;3303.00.10;33030010;Perfumes (extratos);REVOGADO;Portaria SRE-94/25;2026-04-01
XI;Produtos de perfumaria e de higiene pessoal;8;20.008.00;3303.00.20;33030020;Águas-de-colônia;REVOGADO;Portaria SRE-94/25;2026-04-01
XI;Produtos de perfumaria e de higiene pessoal;9;20.009.00;3304.10.00;33041000;Produtos de maquilagem para os lábios;REVOGADO;Portaria SRE-94/25;2026-04-01
XI;Produtos de perfumaria e de higiene pessoal;10;20.010.00;3304.20.10;33042010;Sombra, delineador, lápis para sobrancelhas e rímel;REVOGADO;Portaria SRE-94/25;2026-04-01
XI;Produtos de perfumaria e de higiene pessoal;11;20.011.00;3304.20.90;33042090;Outros produtos de maquilagem para os olhos;REVOGADO;Portaria SRE-94/25;2026-04-01
XI;Produtos de perfumaria e de higiene pessoal;12;20.012.00;3304.30.00;33043000;Preparações para manicuros e pedicuros, incluindo removedores de esmalte à base de acetona;REVOGADO;Portaria SRE-94/25;2026-04-01
XI;Produtos de perfumaria e de higiene pessoal;13;20.013.00;3304.91.00;33049100;Pós, incluídos os compactos;REVOGADO;Portaria SRE-94/25;2026-04-01
XI;Produtos de perfumaria e de higiene pessoal;14;20.014.00;3304.99.10;33049910;Cremes de beleza, cremes nutritivos e loções tônicas;REVOGADO;Portaria SRE-94/25;2026-04-01
XI;Produtos de perfumaria e de higiene pessoal;15;20.015.00;3304.99.90;33049990;Outros produtos de beleza ou de maquilagem preparados e preparações para conservação ou cuidados da pele, exceto as preparações solares e antissolares;REVOGADO;Portaria SRE-94/25;2026-04-01
XI;Produtos de perfumaria e de higiene pessoal;16;20.016.00;3304.99.90;33049990;Preparações solares e antissolares;REVOGADO;Portaria SRE-94/25;2026-04-01
XI;Produtos de perfumaria e de higiene pessoal;17;20.017.00;3305.10.00;33051000;Xampus para o cabelo;REVOGADO;Portaria SRE-94/25;2026-04-01
XI;Produtos de perfumaria e de higiene pessoal;18;20.018.00;3305.20.00;33052000;Preparações para ondulação ou alisamento, permanentes, dos cabelos;REVOGADO;Portaria SRE-94/25;2026-04-01
XI;Produtos de perfumaria e de higiene pessoal;19;20.019.00;3305.30.00;33053000;Laquês para o cabelo;REVOGADO;Portaria SRE-94/25;2026-04-01
XI;Produtos de perfumaria e de higiene pessoal;20;20.020.00;3305.90.00;33059000;Outras preparações capilares, incluindo máscaras e finalizadores;REVOGADO;Portaria SRE-94/25;2026-04-01
XI;Produtos de perfumaria e de higiene pessoal;21;20.021.00;3305.90.00;33059000;Condicionadores;REVOGADO;Portaria SRE-94/25;2026-04-01
XI;Produtos de perfumaria e de higiene pessoal;22;20.022.00;3305.90.00;33059000;Tintura para o cabelo;REVOGADO;Portaria SRE-94/25;2026-04-01
XI;Produtos de perfumaria e de higiene pessoal;23;20.023.00;3306.10.00;33061000;Dentifrícios;REVOGADO;Portaria SRE-94/25;2026-04-01
XI;Produtos de perfumaria e de higiene pessoal;24;20.024.00;3306.20.00;33062000;Fios utilizados para limpar os espaços interdentais (fios dentais);REVOGADO;Portaria SRE-94/25;2026-04-01
XI;Produtos de perfumaria e de higiene pessoal;25;20.025.00;3306.90.00;33069000;Outras preparações para higiene bucal ou dentária;REVOGADO;Portaria SRE-94/25;2026-04-01
XI;Produtos de perfumaria e de higiene pessoal;26;20.026.00;3307.10.00;33071000;Preparações para barbear (antes, durante ou após);REVOGADO;Portaria SRE-94/25;2026-04-01
XI;Produtos de perfumaria e de higiene pessoal;27;20.027.00;3307.20.10;33072010;Desodorantes (desodorizantes) corporais líquidos, exceto os classificados no CEST 20.027.01;REVOGADO;Portaria SRE-94/25;2026-04-01
XI;Produtos de perfumaria e de higiene pessoal;28;20.027.01;3307.20.10;33072010;Loções e óleos desodorantes hidratantes líquidos;REVOGADO;Portaria SRE-94/25;2026-04-01
XI;Produtos de perfumaria e de higiene pessoal;29;20.028.00;3307.20.10;33072010;Antiperspirantes líquidos;REVOGADO;Portaria SRE-94/25;2026-04-01
XI;Produtos de perfumaria e de higiene pessoal;30;20.029.00;3307.20.90;33072090;Outros desodorantes (desodorizantes) corporais, exceto os classificados no CEST 20.029.01;REVOGADO;Portaria SRE-94/25;2026-04-01
XI;Produtos de perfumaria e de higiene pessoal;31;20.029.01;3307.20.90;33072090;Outras loções e óleos desodorantes hidratantes;REVOGADO;Portaria SRE-94/25;2026-04-01
XI;Produtos de perfumaria e de higiene pessoal;32;20.030.00;3307.20.90;33072090;Outros antiperspirantes;REVOGADO;Portaria SRE-94/25;2026-04-01
XI;Produtos de perfumaria e de higiene pessoal;33;20.031.00;3307.30.00;33073000;Sais perfumados e outras preparações para banhos;REVOGADO;Portaria SRE-94/25;2026-04-01
XI;Produtos de perfumaria e de higiene pessoal;34;20.032.00;3307.90.00;33079000;Outros produtos de perfumaria preparados;REVOGADO;Portaria SRE-94/25;2026-04-01
XI;Produtos de perfumaria e de higiene pessoal;35;20.032.01;3307.90.00;33079000;Outros produtos de toucador preparados;REVOGADO;Portaria SRE-94/25;2026-04-01
XI;Produtos de perfumaria e de higiene pessoal;36;20.033.00;3307.90.00;33079000;Soluções para lentes de contato ou para olhos artificiais;REVOGADO;Portaria SRE-94/25;2026-04-01
XI;Produtos de perfumaria e de higiene pessoal;37;20.034.00;3401.11.90;34011190;Sabões de toucador em barras, pedaços ou figuras moldados, exceto CEST 20.034.01;REVOGADO;Portaria SRE-94/25;2026-04-01
XI;Produtos de perfumaria e de higiene pessoal;38;20.034.01;3401.11.90;34011190;Lenços umedecidos;REVOGADO;Portaria SRE-94/25;2026-04-01
XI;Produtos de perfumaria e de higiene pessoal;39;20.035.00;3401.19.00;34011900;Outros sabões, produtos e preparações, em barras, pedaços ou figuras moldados;REVOGADO;Portaria SRE-94/25;2026-04-01
XI;Produtos de perfumaria e de higiene pessoal;40;20.036.00;3401.20.10;34012010;Sabões de toucador sob outras formas;REVOGADO;Portaria SRE-94/25;2026-04-01
XI;Produtos de perfumaria e de higiene pessoal;41;20.037.00;3401.30.00;34013000;Produtos e preparações orgânicos tensoativos para lavagem da pele, na forma de líquido ou de creme, acondicionados para venda a retalho, mesmo contendo sabão;REVOGADO;Portaria SRE-94/25;2026-04-01
XI;Produtos de perfumaria e de higiene pessoal;42;20.038.00;4014.90.10;40149010;Bolsa para gelo ou para água quente;REVOGADO;Portaria SRE-94/25;2026-04-01
XI;Produtos de perfumaria e de higiene pessoal;43;20.039.00;4014.90.90;40149090;Chupetas e bicos para mamadeiras e para chupetas, de borracha;REVOGADO;Portaria SRE-94/25;2026-04-01
XI;Produtos de perfumaria e de higiene pessoal;44;20.040.00;3924.90.00;39249000;Chupetas e bicos para mamadeiras e para chupetas, de silicone;REVOGADO;Portaria SRE-94/25;2026-04-01
XI;Produtos de perfumaria e de higiene pessoal;44;20.040.00;3926.90.40;39269040;Chupetas e bicos para mamadeiras e para chupetas, de silicone;REVOGADO;Portaria SRE-94/25;2026-04-01
XI;Produtos de perfumaria e de higiene pessoal;44;20.040.00;926.90.90;9269090;Chupetas e bicos para mamadeiras e para chupetas, de silicone;REVOGADO;Portaria SRE-94/25;2026-04-01
XI;Produtos de perfumaria e de higiene pessoal;45;20.041.00;4202.1;42021;Malas e maletas de toucador;REVOGADO;Portaria SRE-94/25;2026-04-01
XI;Produtos de perfumaria e de higiene pessoal;46;20.042.00;4818.10.00;48181000;Papel higiênico - folha simples;REVOGADO;Portaria SRE-94/25;2026-04-01
XI;Produtos de perfumaria e de higiene pessoal;47;20.043.00;4818.10.00;48181000;Papel higiênico - folha dupla, tripla e quádrupla;REVOGADO;Portaria SRE-94/25;2026-04-01
XI;Produtos de perfumaria e de higiene pessoal;47;20.043.00;4818.10.00;48181000;Papel higiênico - folha dupla e tripla;REVOGADO;Portaria SRE-94/25;2026-04-01
XI;Produtos de perfumaria e de higiene pessoal;48;20.044.00;4818.20.00;48182000;Lenços (incluídos os de maquilagem) e toalhas de mão;REVOGADO;Portaria SRE-94/25;2026-04-01
XI;Produtos de perfumaria e de higiene pessoal;49;20.045.00;4818.20.00;48182000;Papel toalha de uso institucional do tipo comercializado em rolos igual ou superior a 80 metros e do tipo comercializado em folhas intercaladas;REVOGADO;Portaria SRE-94/25;2026-04-01
XI;Produtos de perfumaria e de higiene pessoal;50;20.046.00;4818.30.00;48183000;Toalhas e guardanapos de mesa;REVOGADO;Portaria SRE-94/25;2026-04-01
XI;Produtos de perfumaria e de higiene pessoal;51;20.047.00;4818.90.90;48189090;Toalhas de cozinha (papel toalha de uso doméstico);REVOGADO;Portaria SRE-94/25;2026-04-01
XI;Produtos de perfumaria e de higiene pessoal;52;20.048.00;9619.00.00;96190000;Fraldas, exceto os descritos no CEST 20.048.01;REVOGADO;Portaria SRE-94/25;2026-04-01
XI;Produtos de perfumaria e de higiene pessoal;53;20.048.01;9619.00.00;96190000;Fraldas de fibras têxteis;REVOGADO;Portaria SRE-94/25;2026-04-01
XI;Produtos de perfumaria e de higiene pessoal;54;20.049.00;9619.00.00;96190000;Tampões higiênicos;REVOGADO;Portaria SRE-94/25;2026-04-01
XI;Produtos de perfumaria e de higiene pessoal;55;20.050.00;9619.00.00;96190000;Absorventes higiênicos externos;REVOGADO;Portaria SRE-94/25;2026-04-01
XI;Produtos de perfumaria e de higiene pessoal;56;20.051.00;5601.21.90;56012190;Hastes flexíveis (uso não medicinal);REVOGADO;Portaria SRE-94/25;2026-04-01
XI;Produtos de perfumaria e de higiene pessoal;57;20.052.00;5603.92.90;56039290;Sutiã descartável, assemelhados e papel para depilação;REVOGADO;Portaria SRE-94/25;2026-04-01
XI;Produtos de perfumaria e de higiene pessoal;58;20.053.00;8203.20.90;82032090;Pinças para sobrancelhas;REVOGADO;Portaria SRE-94/25;2026-04-01
XI;Produtos de perfumaria e de higiene pessoal;59;20.054.00;8214.10.00;82141000;Espátulas (artigos de cutelaria);REVOGADO;Portaria SRE-94/25;2026-04-01
XI;Produtos de perfumaria e de higiene pessoal;60;20.055.00;8214.20.00;82142000;Utensílios e sortidos de utensílios de manicuros ou de pedicuros (incluídas as limas para unhas);REVOGADO;Portaria SRE-94/25;2026-04-01
XI;Produtos de perfumaria e de higiene pessoal;61;20.056.00;9025.11.10;90251110;Termômetros, inclusive o digital;REVOGADO;Portaria SRE-94/25;2026-04-01
XI;Produtos de perfumaria e de higiene pessoal;61;20.056.00;9025.19.90;90251990;Termômetros, inclusive o digital;REVOGADO;Portaria SRE-94/25;2026-04-01
XI;Produtos de perfumaria e de higiene pessoal;62;20.057.00;9603.2;96032;Escovas e pincéis de barba, escovas para cabelos, para cílios ou para unhas e outras escovas de toucador de pessoas, incluídas as que sejam partes de aparelhos, exceto escovas de dentes;REVOGADO;Portaria SRE-94/25;2026-04-01
XI;Produtos de perfumaria e de higiene pessoal;63;20.058.00;9603.21.00;96032100;Escovas de dentes, incluídas as escovas para dentaduras;REVOGADO;Portaria SRE-94/25;2026-04-01
XI;Produtos de perfumaria e de higiene pessoal;64;20.059.00;9603.30.00;96033000;Pincéis para aplicação de produtos cosméticos;REVOGADO;Portaria SRE-94/25;2026-04-01
XI;Produtos de perfumaria e de higiene pessoal;65;20.060.00;9605.00.00;96050000;Sortidos de viagem, para toucador de pessoas para costura ou para limpeza de calçado ou de roupas;REVOGADO;Portaria SRE-94/25;2026-04-01
XI;Produtos de perfumaria e de higiene pessoal;66;20.061.00;9615;9615;"Pentes, travessas para cabelo e artigos semelhantes; grampos (alfinetes) para cabelo; pinças (pinceguiches), onduladores, bobes (rolos) e artefatos semelhantes para penteados, e suas partes, exceto os classificados na posição 8516 e suas partes";REVOGADO;Portaria SRE-94/25;2026-04-01
XI;Produtos de perfumaria e de higiene pessoal;67;20.062.00;9616.20.00;96162000;Borlas ou esponjas para pós ou para aplicação de outros cosméticos ou de produtos de toucador;REVOGADO;Portaria SRE-94/25;2026-04-01
XI;Produtos de perfumaria e de higiene pessoal;68;20.063.00;3923.30.90;39233090;Mamadeiras;REVOGADO;Portaria SRE-94/25;2026-04-01
XI;Produtos de perfumaria e de higiene pessoal;68;20.063.00;3924.10.00;39241000;Mamadeiras;REVOGADO;Portaria SRE-94/25;2026-04-01
XI;Produtos de perfumaria e de higiene pessoal;68;20.063.00;3924.90.00;39249000;Mamadeiras;REVOGADO;Portaria SRE-94/25;2026-04-01
XI;Produtos de perfumaria e de higiene pessoal;68;20.063.00;4014.90.90;40149090;Mamadeiras;REVOGADO;Portaria SRE-94/25;2026-04-01
XI;Produtos de perfumaria e de higiene pessoal;68;20.063.00;7013;7013;Mamadeiras;REVOGADO;Portaria SRE-94/25;2026-04-01
XI;Produtos de perfumaria e de higiene pessoal;68;20.063.00;3923.30.00;39233000;Mamadeiras;REVOGADO;Portaria SRE-94/25;2026-04-01
XI;Produtos de perfumaria e de higiene pessoal;68;20.063.00;3924.90.00;39249000;Mamadeiras;REVOGADO;Portaria SRE-94/25;2026-04-01
XI;Produtos de perfumaria e de higiene pessoal;68;20.063.00;3924.10.00;39241000;Mamadeiras;REVOGADO;Portaria SRE-94/25;2026-04-01
XI;Produtos de perfumaria e de higiene pessoal;68;20.063.00;4014.90.90;40149090;Mamadeiras;REVOGADO;Portaria SRE-94/25;2026-04-01
XI;Produtos de perfumaria e de higiene pessoal;68;20.063.00;7010.20.00;70102000;Mamadeiras;REVOGADO;Portaria SRE-94/25;2026-04-01
XI;Produtos de perfumaria e de higiene pessoal;69;20.064.00;8212.10.20;82121020;Aparelhos e lâminas de barbear;REVOGADO;Portaria SRE-94/25;2026-04-01
XI;Produtos de perfumaria e de higiene pessoal;69;20.064.00;8212.20.10;82122010;Aparelhos e lâminas de barbear;REVOGADO;Portaria SRE-94/25;2026-04-01
XII;Ração animal;1;22.001.00;2309;2309;Ração tipo “pet” para animais domésticos;REVOGADO;Portaria SRE-20/26;2026-08-01
XIII;Produtos de limpeza;1;11.001.00;2828.90.11;28289011;Água sanitária, branqueador e outros alvejantes;REVOGADO;Portaria SRE-20/26;2026-08-01
XIII;Produtos de limpeza;1;11.001.00;2828.90.19;28289019;Água sanitária, branqueador e outros alvejantes;REVOGADO;Portaria SRE-20/26;2026-08-01
XIII;Produtos de limpeza;1;11.001.00;3206.41.00;32064100;Água sanitária, branqueador e outros alvejantes;REVOGADO;Portaria SRE-20/26;2026-08-01
XIII;Produtos de limpeza;1;11.001.00;3402.50.00;34025000;Água sanitária, branqueador e outros alvejantes;REVOGADO;Portaria SRE-20/26;2026-08-01
XIII;Produtos de limpeza;1;11.001.00;3808.94.19;38089419;Água sanitária, branqueador e outros alvejantes;REVOGADO;Portaria SRE-20/26;2026-08-01
XIII;Produtos de limpeza;1;11.001.00;2828.90.11;28289011;Água sanitária, branqueador e outros alvejantes;REVOGADO;Portaria SRE-20/26;2026-08-01
XIII;Produtos de limpeza;1;11.001.00;2828.90.19;28289019;Água sanitária, branqueador e outros alvejantes;REVOGADO;Portaria SRE-20/26;2026-08-01
XIII;Produtos de limpeza;1;11.001.00;3206.41.00;32064100;Água sanitária, branqueador e outros alvejantes;REVOGADO;Portaria SRE-20/26;2026-08-01
XIII;Produtos de limpeza;1;11.001.00;3402.20.00;34022000;Água sanitária, branqueador e outros alvejantes;REVOGADO;Portaria SRE-20/26;2026-08-01
XIII;Produtos de limpeza;1;11.001.00;3808.94.19;38089419;Água sanitária, branqueador e outros alvejantes;REVOGADO;Portaria SRE-20/26;2026-08-01
XIII;Produtos de limpeza;2;11.002.00;3401.20.90;34012090;Sabões, desinfetantes e sanitizantes, todos em pó, flocos, palhetas, grânulos ou outras formas semelhantes, para lavar roupas;REVOGADO;Portaria SRE-20/26;2026-08-01
XIII;Produtos de limpeza;2;11.002.00;3808.94.19;38089419;Sabões, desinfetantes e sanitizantes, todos em pó, flocos, palhetas, grânulos ou outras formas semelhantes, para lavar roupas;REVOGADO;Portaria SRE-20/26;2026-08-01
XIII;Produtos de limpeza;2;11.002.00;3401.20.90;34012090;Sabões em pó, flocos, palhetas, grânulos ou outras formas semelhantes, para lavar roupas;REVOGADO;Portaria SRE-20/26;2026-08-01
XIII;Produtos de limpeza;3;11.003.00;3401.20.90;34012090;Sabões, desinfetantes e sanitizantes, todos líquidos para lavar roupas;REVOGADO;Portaria SRE-20/26;2026-08-01
XIII;Produtos de limpeza;3;11.003.00;3808.94.19;38089419;Sabões, desinfetantes e sanitizantes, todos líquidos para lavar roupas;REVOGADO;Portaria SRE-20/26;2026-08-01
XIII;Produtos de limpeza;3;11.003.00;3401.20.90;34012090;Sabões líquidos para lavar roupas;REVOGADO;Portaria SRE-20/26;2026-08-01
XIII;Produtos de limpeza;4;11.004.00;3402.50.00;34025000;Detergentes em pó, flocos, palhetas, grânulos ou outras formas semelhantes, inclusive adicionados de propriedades desinfetantes ou sanitizantes.;REVOGADO;Portaria SRE-20/26;2026-08-01
XIII;Produtos de limpeza;4;11.004.00;3402.20.00;34022000;Detergentes em pó, flocos, palhetas, grânulos ou outras formas semelhantes, inclusive adicionados de propriedades desinfetantes ou sanitizantes;REVOGADO;Portaria SRE-20/26;2026-08-01
XIII;Produtos de limpeza;4;11.004.00;3402.20.00;34022000;Detergentes em pó, flocos, palhetas, grânulos ou outras formas semelhantes;REVOGADO;Portaria SRE-20/26;2026-08-01
XIII;Produtos de limpeza;5;11.005.00;3402.50.00;34025000;Detergentes líquidos, exceto para lavar roupa;REVOGADO;Portaria SRE-20/26;2026-08-01
XIII;Produtos de limpeza;5;11.005.00;3402.20.00;34022000;Detergentes líquidos, exceto para lavar roupa;REVOGADO;Portaria SRE-20/26;2026-08-01
XIII;Produtos de limpeza;6;11.006.00;3402.50.00;34025000;Detergente líquido para lavar roupa, inclusive adicionados de propriedades desinfetantes ou sanitizantes,;REVOGADO;Portaria SRE-20/26;2026-08-01
XIII;Produtos de limpeza;6;11.006.00;3402.20.00;34022000;Detergentes líquidos para lavar roupa, inclusive adicionados de propriedades desinfetantes ou sanitizantes;REVOGADO;Portaria SRE-20/26;2026-08-01
XIII;Produtos de limpeza;6;11.006.00;3402.20.00;34022000;Detergente líquido para lavar roupa;REVOGADO;Portaria SRE-20/26;2026-08-01
XIII;Produtos de limpeza;7;11.007.00;3402;3402;"Outros agentes orgânicos de superfície (exceto sabões); preparações tensoativas, preparações para lavagem (incluídas as preparações auxiliares para lavagem) e preparações para limpeza (inclusive multiuso e limpadores), mesmo contendo sabão, exceto os produtos descritos nos CEST 11.001.00, 11.004.00, 11.005.00 e 11.006.00; em embalagem de conteúdo inferior ou igual a 50 litros ou 50 kg";REVOGADO;Portaria SRE-20/26;2026-08-01
XIII;Produtos de limpeza;8;11.008.00;3809.91.90;38099190;Amaciante/suavizante;REVOGADO;Portaria SRE-20/26;2026-08-01
XIII;Produtos de limpeza;9;11.009.00;3924.10.00;39241000;Esponjas para limpeza;REVOGADO;Portaria SRE-20/26;2026-08-01
XIII;Produtos de limpeza;9;11.009.00;3924.90.00;39249000;Esponjas para limpeza;REVOGADO;Portaria SRE-20/26;2026-08-01
XIII;Produtos de limpeza;9;11.009.00;6805.30.10;68053010;Esponjas para limpeza;REVOGADO;Portaria SRE-20/26;2026-08-01
XIII;Produtos de limpeza;9;11.009.00;6805.30.90;68053090;Esponjas para limpeza;REVOGADO;Portaria SRE-20/26;2026-08-01
XIII;Produtos de limpeza;11;11.010.00;2207;2207;Álcool etílico para limpeza;REVOGADO;Portaria SRE-20/26;2026-08-01
XIII;Produtos de limpeza;11;11.010.00;2208.90.00;22089000;Álcool etílico para limpeza;REVOGADO;Portaria SRE-20/26;2026-08-01
XIII;Produtos de limpeza;12;11.011.00;7323.10.00;73231000;"Esponjas e palhas de aço; esponjas para limpeza, polimento ou uso semelhantes; todas de uso doméstico";REVOGADO;Portaria SRE-20/26;2026-08-01
XIII;Produtos de limpeza;13;11.012.00;3923.2;39232;Sacos de lixo de conteúdo igual ou inferior a 100 litros;REVOGADO;Portaria SRE-20/26;2026-08-01
XIV;Autopeças;1;01.001.00;3815.12.10;38151210;Catalisadores em colmeia cerâmica ou metálica para conversão catalítica de gases de escape de veículos e outros catalisadores;REVOGADO;Portaria SRE-34/26;2026-10-01
XIV;Autopeças;1;01.001.00;3815.12.90;38151290;Catalisadores em colmeia cerâmica ou metálica para conversão catalítica de gases de escape de veículos e outros catalisadores;REVOGADO;Portaria SRE-34/26;2026-10-01
XIV;Autopeças;2;01.002.00;3917;3917;Tubos e seus acessórios (por exemplo, juntas, cotovelos, flanges, uniões), de plásticos;REVOGADO;Portaria SRE-34/26;2026-10-01
XIV;Autopeças;3;01.003.00;3918.10.00;39181000;Protetores de caçamba;REVOGADO;Portaria SRE-34/26;2026-10-01
XIV;Autopeças;4;01.004.00;3923.30.00;39233000;Reservatórios de óleo;REVOGADO;Portaria SRE-34/26;2026-10-01
XIV;Autopeças;5;01.005.00;3926.30.00;39263000;Frisos, decalques, molduras e acabamentos;REVOGADO;Portaria SRE-34/26;2026-10-01
XIV;Autopeças;6;01.006.00;4010.3;40103;Correias de transmissão de borracha vulcanizada, de matérias têxteis, mesmo impregnadas, revestidas ou recobertas, de plástico, ou estratificadas com plástico ou reforçadas com metal ou com outras matérias;REVOGADO;Portaria SRE-34/26;2026-10-01
XIV;Autopeças;6;01.006.00;5910.00.00;59100000;Correias de transmissão de borracha vulcanizada, de matérias têxteis, mesmo impregnadas, revestidas ou recobertas, de plástico, ou estratificadas com plástico ou reforçadas com metal ou com outras matérias;REVOGADO;Portaria SRE-34/26;2026-10-01
XIV;Autopeças;7;01.007.00;4016.93.00;40169300;Juntas, gaxetas e outros elementos com função semelhante de vedação;REVOGADO;Portaria SRE-34/26;2026-10-01
XIV;Autopeças;7;01.007.00;4823.90.9;4823909;Juntas, gaxetas e outros elementos com função semelhante de vedação;REVOGADO;Portaria SRE-34/26;2026-10-01
XIV;Autopeças;8;01.008.00;4016.10.10;40161010;Partes de veículos automóveis, tratores e máquinas autopropulsadas;REVOGADO;Portaria SRE-34/26;2026-10-01
XIV;Autopeças;9;01.009.00;4016.99.90;40169990;Tapetes, revestimentos, mesmo confeccionados, batentes, buchas e coxins;REVOGADO;Portaria SRE-34/26;2026-10-01
XIV;Autopeças;9;01.009.00;5705.00.00;57050000;Tapetes, revestimentos, mesmo confeccionados, batentes, buchas e coxins;REVOGADO;Portaria SRE-34/26;2026-10-01
XIV;Autopeças;10;01.010.00;5903.90.00;59039000;Tecidos impregnados, revestidos, recobertos ou estratificados, com plástico;REVOGADO;Portaria SRE-34/26;2026-10-01
XIV;Autopeças;11;01.011.00;5909.00.00;59090000;Mangueiras e tubos semelhantes, de matérias têxteis, mesmo com reforço ou acessórios de outras matérias;REVOGADO;Portaria SRE-34/26;2026-10-01
XIV;Autopeças;12;01.012.00;6306.1;63061;Encerados e toldos;REVOGADO;Portaria SRE-34/26;2026-10-01
XIV;Autopeças;13;01.013.00;6506.10.00;65061000;Capacetes e artefatos de uso semelhante, de proteção, para uso em motocicletas, incluídos ciclomotores;REVOGADO;Portaria SRE-34/26;2026-10-01
XIV;Autopeças;14;01.014.00;6813;6813;Guarnições de fricção (por exemplo, placas, rolos, tiras, segmentos, discos, anéis, pastilhas), não montadas, para freios, embreagens ou qualquer outro mecanismo de fricção, à base de amianto, de outras substâncias minerais ou de celulose, mesmo combinadas com têxteis ou outras matérias;REVOGADO;Portaria SRE-34/26;2026-10-01
XIV;Autopeças;15;01.015.00;7007.11.00;70071100;Vidros de dimensões e formatos que permitam aplicação automotiva;REVOGADO;Portaria SRE-34/26;2026-10-01
XIV;Autopeças;15;01.015.00;7007.21.00;70072100;Vidros de dimensões e formatos que permitam aplicação automotiva;REVOGADO;Portaria SRE-34/26;2026-10-01
XIV;Autopeças;16;01.016.00;7009.10.00;70091000;Espelhos retrovisores;REVOGADO;Portaria SRE-34/26;2026-10-01
XIV;Autopeças;17;01.017.00;7014.00.00;70140000;Lentes de faróis, lanternas e outros utensílios;REVOGADO;Portaria SRE-34/26;2026-10-01
XIV;Autopeças;18;01.018.00;7311.00.00;73110000;Cilindro de aço para GNV (gás natural veicular);REVOGADO;Portaria SRE-34/26;2026-10-01
XIV;Autopeças;19;01.020.00;7320;7320;Molas e folhas de molas, de ferro ou aço;REVOGADO;Portaria SRE-34/26;2026-10-01
XIV;Autopeças;20;01.021.00;7325;7325;Obras moldadas, de ferro fundido, ferro ou aço, exceto as do código 7325.91.00;REVOGADO;Portaria SRE-34/26;2026-10-01
XIV;Autopeças;21;01.022.00;7806.00;780600;Peso de chumbo para balanceamento de roda;REVOGADO;Portaria SRE-34/26;2026-10-01
XIV;Autopeças;22;01.023.00;8007.00.90;80070090;Peso para balanceamento de roda e outros utensílios de estanho;REVOGADO;Portaria SRE-34/26;2026-10-01
XIV;Autopeças;23;01.024.00;8301.20;830120;Fechaduras e partes de fechaduras;REVOGADO;Portaria SRE-34/26;2026-10-01
XIV;Autopeças;23;01.024.00;8301.60;830160;Fechaduras e partes de fechaduras;REVOGADO;Portaria SRE-34/26;2026-10-01
XIV;Autopeças;24;01.025.00;8301.70;830170;Chaves apresentadas isoladamente;REVOGADO;Portaria SRE-34/26;2026-10-01
XIV;Autopeças;25;01.026.00;8302.10.00;83021000;Dobradiças, guarnições, ferragens e artigos semelhantes de metais comuns;REVOGADO;Portaria SRE-34/26;2026-10-01
XIV;Autopeças;25;01.026.00;8302.30.00;83023000;Dobradiças, guarnições, ferragens e artigos semelhantes de metais comuns;REVOGADO;Portaria SRE-34/26;2026-10-01
XIV;Autopeças;26;01.027.00;8310.00;831000;Triângulo de segurança;REVOGADO;Portaria SRE-34/26;2026-10-01
XIV;Autopeças;27;01.028.00;8407.3;84073;Motores de pistão alternativo dos tipos utilizados para propulsão de veículos do Capítulo 87;REVOGADO;Portaria SRE-34/26;2026-10-01
XIV;Autopeças;28;01.029.00;8408.20;840820;Motores dos tipos utilizados para propulsão de veículos automotores;REVOGADO;Portaria SRE-34/26;2026-10-01
XIV;Autopeças;29;01.030.00;8409.9;84099;Partes reconhecíveis como exclusiva ou principalmente destinadas aos motores das posições 8407 ou 8408;REVOGADO;Portaria SRE-34/26;2026-10-01
XIV;Autopeças;30;01.031.00;8412.2;84122;Motores hidráulicos;REVOGADO;Portaria SRE-34/26;2026-10-01
XIV;Autopeças;31;01.032.00;8413.30;841330;Bombas para combustíveis, lubrificantes ou líquidos de arrefecimento, próprias para motores de ignição por centelha ou por compressão;REVOGADO;Portaria SRE-34/26;2026-10-01
XIV;Autopeças;32;01.033.00;8414.10.00;84141000;Bombas de vácuo;REVOGADO;Portaria SRE-34/26;2026-10-01
XIV;Autopeças;33;01.034.00;8414.80.1;8414801;Compressores e turbocompressores de ar;REVOGADO;Portaria SRE-34/26;2026-10-01
XIV;Autopeças;33;01.034.00;8414.80.2;8414802;Compressores e turbocompressores de ar;REVOGADO;Portaria SRE-34/26;2026-10-01
XIV;Autopeças;34;01.035.00;8413.91.90;84139190;Partes das bombas, compressores e turbocompressores dos CEST 01.032.00, 01.033.00 e 01.034.00;REVOGADO;Portaria SRE-34/26;2026-10-01
XIV;Autopeças;34;01.035.00;8414.90.10;84149010;Partes das bombas, compressores e turbocompressores dos CEST 01.032.00, 01.033.00 e 01.034.00;REVOGADO;Portaria SRE-34/26;2026-10-01
XIV;Autopeças;34;01.035.00;8414.90.3;8414903;Partes das bombas, compressores e turbocompressores dos CEST 01.032.00, 01.033.00 e 01.034.00;REVOGADO;Portaria SRE-34/26;2026-10-01
XIV;Autopeças;34;01.035.00;8414.90.39;84149039;Partes das bombas, compressores e turbocompressores dos CEST 01.032.00, 01.033.00 e 01.034.00;REVOGADO;Portaria SRE-34/26;2026-10-01
XIV;Autopeças;35;01.036.00;8415.20;841520;Máquinas e aparelhos de ar condicionado;REVOGADO;Portaria SRE-34/26;2026-10-01
XIV;Autopeças;36;01.037.00;8421.23.00;84212300;Aparelhos para filtrar óleos minerais nos motores de ignição por centelha ou por compressão;REVOGADO;Portaria SRE-34/26;2026-10-01
XIV;Autopeças;37;01.038.00;8421.29.90;84212990;Filtros a vácuo;REVOGADO;Portaria SRE-34/26;2026-10-01
XIV;Autopeças;38;01.039.00;8421.9;84219;Partes dos aparelhos para filtrar ou depurar líquidos ou gases;REVOGADO;Portaria SRE-34/26;2026-10-01
XIV;Autopeças;39;01.040.00;8424.10.00;84241000;Extintores, mesmo carregados;REVOGADO;Portaria SRE-34/26;2026-10-01
XIV;Autopeças;40;01.041.00;8421.31.00;84213100;Filtros de entrada de ar para motores de ignição por centelha ou por compressão;REVOGADO;Portaria SRE-34/26;2026-10-01
XIV;Autopeças;41;01.042.00;8421.32.00;84213200;Depuradores por conversão catalítica de gases de escape;REVOGADO;Portaria SRE-34/26;2026-10-01
XIV;Autopeças;41;01.042.00;8421.39.20;84213920;Depuradores por conversão catalítica de gases de escape;REVOGADO;Portaria SRE-34/26;2026-10-01
XIV;Autopeças;42;01.043.00;8425.42.00;84254200;Macacos;REVOGADO;Portaria SRE-34/26;2026-10-01
XIV;Autopeças;43;01.044.00;8431.10.10;84311010;Partes para macacos do CEST 01.043.00;REVOGADO;Portaria SRE-34/26;2026-10-01
XIV;Autopeças;44;01.045.00;8431.49.2;8431492;Partes reconhecíveis como exclusiva ou principalmente destinadas às máquinas agrícolas ou rodoviárias;REVOGADO;Portaria SRE-34/26;2026-10-01
XIV;Autopeças;45;01.045.01;8433.90.90;84339090;Partes reconhecíveis como exclusiva ou principalmente destinadas às máquinas agrícolas ou rodoviárias;REVOGADO;Portaria SRE-34/26;2026-10-01
XIV;Autopeças;46;01.046.00;8481.10.00;84811000;Válvulas redutoras de pressão;REVOGADO;Portaria SRE-34/26;2026-10-01
XIV;Autopeças;47;01.047.00;8481.2;84812;Válvulas para transmissão óleo-hidráulicas ou pneumáticas;REVOGADO;Portaria SRE-34/26;2026-10-01
XIV;Autopeças;48;01.048.00;8481.80.92;84818092;Válvulas solenoides;REVOGADO;Portaria SRE-34/26;2026-10-01
XIV;Autopeças;49;01.049.00;8482;8482;Rolamentos;REVOGADO;Portaria SRE-34/26;2026-10-01
XIV;Autopeças;50;01.050.00;8483;8483;"Árvores de transmissão (incluídas as árvores de “cames” e virabrequins) e manivelas; mancais e “bronzes”; engrenagens e rodas de fricção; eixos de esferas ou de roletes; redutores, multiplicadores, caixas de transmissão e variadores de velocidade, incluídos os conversores de torque; volantes e polias, incluídas as polias para cadernais; embreagens e dispositivos de acoplamento, incluídas as juntas de articulação";REVOGADO;Portaria SRE-34/26;2026-10-01
XIV;Autopeças;51;01.051.00;8484;8484;"Juntas metaloplásticas; jogos ou sortidos de juntas de composições diferentes, apresentados em bolsas, envelopes ou embalagens semelhantes; juntas de vedação mecânicas (selos mecânicos)";REVOGADO;Portaria SRE-34/26;2026-10-01
XIV;Autopeças;52;01.052.00;8505.20;850520;Acoplamentos, embreagens, variadores de velocidade e freios, eletromagnéticos;REVOGADO;Portaria SRE-34/26;2026-10-01
XIV;Autopeças;53;01.053.00;8507.10;850710;Acumuladores elétricos de chumbo, do tipo utilizado para o arranque dos motores de pistão, exceto os classificados no CEST 01.053.01;REVOGADO;Portaria SRE-34/26;2026-10-01
XIV;Autopeças;54;01.053.01;8507.10.10;85071010;Acumuladores elétricos de chumbo, do tipo utilizado para o arranque dos motores de pistão e de capacidade inferior ou igual a 20 Ah e tensão inferior ou igual a 12 V;REVOGADO;Portaria SRE-34/26;2026-10-01
XIV;Autopeças;55;01.054.00;8511;8511;"Aparelhos e dispositivos elétricos de ignição ou de arranque para motores de ignição por centelha ou por compressão (por exemplo, magnetos, dínamos-magnetos, bobinas de ignição, velas de ignição ou de aquecimento, motores de arranque); geradores (dínamos e alternadores, por exemplo) e conjuntores-disjuntores utilizados com estes motores";REVOGADO;Portaria SRE-34/26;2026-10-01
XIV;Autopeças;56;01.055.00;8512.20;851220;Aparelhos elétricos de iluminação ou de sinalização (exceto os da posição 8539), limpadores de para-brisas, degeladores e desembaçadores (desembaciadores) elétricos e suas partes;REVOGADO;Portaria SRE-34/26;2026-10-01
XIV;Autopeças;56;01.055.00;8512.40;851240;Aparelhos elétricos de iluminação ou de sinalização (exceto os da posição 8539), limpadores de para-brisas, degeladores e desembaçadores (desembaciadores) elétricos e suas partes;REVOGADO;Portaria SRE-34/26;2026-10-01
XIV;Autopeças;56;01.055.00;8512.90.00;85129000;Aparelhos elétricos de iluminação ou de sinalização (exceto os da posição 8539), limpadores de para-brisas, degeladores e desembaçadores (desembaciadores) elétricos e suas partes;REVOGADO;Portaria SRE-34/26;2026-10-01
XIV;Autopeças;57;01.056.00;8517.14.10;85171410;Telefones móveis do tipo dos utilizados em veículos automóveis;REVOGADO;Portaria SRE-34/26;2026-10-01
XIV;Autopeças;57;01.056.00;8517.12.13;85171213;Telefones móveis do tipo dos utilizados em veículos automóveis.;REVOGADO;Portaria SRE-34/26;2026-10-01
XIV;Autopeças;58;01.057.00;8518;8518;Alto-falantes, amplificadores elétricos de audiofrequência e partes;REVOGADO;Portaria SRE-34/26;2026-10-01
XIV;Autopeças;59;01.058.00;8518.50.00;85185000;Aparelhos elétricos de amplificação de som para veículos automotores;REVOGADO;Portaria SRE-34/26;2026-10-01
XIV;Autopeças;60;01.059.00;8519.81;851981;Aparelhos de reprodução de som;REVOGADO;Portaria SRE-34/26;2026-10-01
XIV;Autopeças;61;01.060.00;8525.50.1;8525501;Aparelhos transmissores (emissores) de radiotelefonia ou radiotelegrafia (rádio receptor/transmissor);REVOGADO;Portaria SRE-34/26;2026-10-01
XIV;Autopeças;61;01.060.00;8525.60.10;85256010;Aparelhos transmissores (emissores) de radiotelefonia ou radiotelegrafia (rádio receptor/transmissor);REVOGADO;Portaria SRE-34/26;2026-10-01
XIV;Autopeças;62;01.061.00;8527.21.00;85272100;Aparelhos receptores de radiodifusão que só funcionem com fonte externa de energia combinados com um aparelho de gravação ou de reprodução de som, do tipo utilizado em veículos automóveis;REVOGADO;Portaria SRE-34/26;2026-10-01
XIV;Autopeças;63;01.062.00;8527.29.00;85272900;Outros aparelhos receptores de radiodifusão que só funcionem com fonte externa de energia, do tipo utilizado em veículos automóveis;REVOGADO;Portaria SRE-34/26;2026-10-01
XIV;Autopeças;64;01.062.01;8521.90.90;85219090;Outros aparelhos videofônicos de gravação ou de reprodução, mesmo incorporando um receptor de sinais videofônicos, dos tipos utilizados exclusivamente em veículos automotores;REVOGADO;Portaria SRE-34/26;2026-10-01
XIV;Autopeças;65;01.063.00;8529.10;852910;Antenas;REVOGADO;Portaria SRE-34/26;2026-10-01
XIV;Autopeças;65;01.063.00;8529.10.90;85291090;Antenas;REVOGADO;Portaria SRE-34/26;2026-10-01
XIV;Autopeças;66;01.064.00;8534.00;853400;Circuitos impressos;REVOGADO;Portaria SRE-34/26;2026-10-01
XIV;Autopeças;67;01.065.00;8535.30;853530;Interruptores e seccionadores e comutadores;REVOGADO;Portaria SRE-34/26;2026-10-01
XIV;Autopeças;67;01.065.00;8536.50;853650;Interruptores e seccionadores e comutadores;REVOGADO;Portaria SRE-34/26;2026-10-01
XIV;Autopeças;68;01.066.00;8536.10.00;85361000;Fusíveis e corta-circuitos de fusíveis;REVOGADO;Portaria SRE-34/26;2026-10-01
XIV;Autopeças;69;01.067.00;8536.20.00;85362000;Disjuntores;REVOGADO;Portaria SRE-34/26;2026-10-01
XIV;Autopeças;70;01.068.00;8536.4;85364;Relés;REVOGADO;Portaria SRE-34/26;2026-10-01
XIV;Autopeças;71;01.069.00;8538;8538;Partes reconhecíveis como exclusivas ou principalmente destinados aos aparelhos dos CEST 01.065.00, 01.066.00, 01.067.00 e 01.068.00;REVOGADO;Portaria SRE-34/26;2026-10-01
XIV;Autopeças;72;01.070.00;8539.10;853910;Faróis e projetores, em unidades seladas;REVOGADO;Portaria SRE-34/26;2026-10-01
XIV;Autopeças;73;01.071.00;8539.2;85392;Lâmpadas e tubos de incandescência, exceto de raios ultravioleta ou infravermelhos;REVOGADO;Portaria SRE-34/26;2026-10-01
XIV;Autopeças;74;01.072.00;8544.20.00;85442000;Cabos coaxiais e outros condutores elétricos coaxiais;REVOGADO;Portaria SRE-34/26;2026-10-01
XIV;Autopeças;75;01.073.00;8544.30.00;85443000;Jogos de fios para velas de ignição e outros jogos de fios;REVOGADO;Portaria SRE-34/26;2026-10-01
XIV;Autopeças;76;01.074.00;8707;8707;Carroçarias para os veículos automóveis das posições 8701 a 8705, incluídas as cabinas;REVOGADO;Portaria SRE-34/26;2026-10-01
XIV;Autopeças;77;01.075.00;8708;8708;Partes e acessórios dos veículos automóveis das posições 8701 a 8705;REVOGADO;Portaria SRE-34/26;2026-10-01
XIV;Autopeças;78;01.076.00;8714.1;87141;Parte e acessórios de motocicletas (incluídos os ciclomotores);REVOGADO;Portaria SRE-34/26;2026-10-01
XIV;Autopeças;79;01.077.00;8716.90.90;87169090;Engates para reboques e semirreboques;REVOGADO;Portaria SRE-34/26;2026-10-01
XIV;Autopeças;80;01.078.00;9026.10;902610;"Medidores de nível; Medidores de vazão";REVOGADO;Portaria SRE-34/26;2026-10-01
XIV;Autopeças;81;01.079.00;9026.20;902620;Aparelhos para medida ou controle da pressão;REVOGADO;Portaria SRE-34/26;2026-10-01
XIV;Autopeças;82;01.080.00;9029;9029;Contadores, indicadores de velocidade e tacômetros, suas partes e acessórios;REVOGADO;Portaria SRE-34/26;2026-10-01
XIV;Autopeças;83;01.081.00;9030.33.21;90303321;Amperímetros;REVOGADO;Portaria SRE-34/26;2026-10-01
XIV;Autopeças;84;01.082.00;9031.80.40;90318040;Aparelhos digitais, de uso em veículos automóveis, para medida e indicação de múltiplas grandezas tais como: velocidade média, consumos instantâneo e médio e autonomia (computador de bordo);REVOGADO;Portaria SRE-34/26;2026-10-01
XIV;Autopeças;85;01.083.00;9032.89.2;9032892;Controladores eletrônicos;REVOGADO;Portaria SRE-34/26;2026-10-01
XIV;Autopeças;86;01.084.00;9104.00.00;91040000;Relógios para painéis de instrumentos e relógios semelhantes;REVOGADO;Portaria SRE-34/26;2026-10-01
XIV;Autopeças;87;01.085.00;9401.20.00;94012000;Assentos e partes de assentos;REVOGADO;Portaria SRE-34/26;2026-10-01
XIV;Autopeças;87;01.085.00;9401.99.00;94019900;Assentos e partes de assentos;REVOGADO;Portaria SRE-34/26;2026-10-01
XIV;Autopeças;87;01.085.00;9401.20.00;94012000;Assentos e partes de assentos;REVOGADO;Portaria SRE-34/26;2026-10-01
XIV;Autopeças;87;01.085.00;9401.90.90;94019090;Assentos e partes de assentos;REVOGADO;Portaria SRE-34/26;2026-10-01
XIV;Autopeças;88;01.086.00;9613.80.00;96138000;Acendedores;REVOGADO;Portaria SRE-34/26;2026-10-01
XIV;Autopeças;89;01.087.00;4009;4009;Tubos de borracha vulcanizada não endurecida, mesmo providos de seus acessórios;REVOGADO;Portaria SRE-34/26;2026-10-01
XIV;Autopeças;90;01.088.00;4504.90.00;45049000;Juntas de vedação de cortiça natural e de amianto;REVOGADO;Portaria SRE-34/26;2026-10-01
XIV;Autopeças;90;01.088.00;6812.99.10;68129910;Juntas de vedação de cortiça natural e de amianto;REVOGADO;Portaria SRE-34/26;2026-10-01
XIV;Autopeças;91;01.089.00;4823.40.00;48234000;Papel-diagrama para tacógrafo, em disco;REVOGADO;Portaria SRE-34/26;2026-10-01
XIV;Autopeças;92;01.090.00;3919.10;391910;"Fitas, tiras, adesivos, autocolantes, de plástico, refletores, mesmo em rolos; placas metálicas com película de plástico refletora, próprias para colocação em carrocerias, para-choques de veículos de carga, motocicletas, ciclomotores, capacetes, bonés de agentes de trânsito e de condutores de veículos, atuando como dispositivos refletivos de segurança rodoviários";REVOGADO;Portaria SRE-34/26;2026-10-01
XIV;Autopeças;92;01.090.00;3919.90;391990;"Fitas, tiras, adesivos, autocolantes, de plástico, refletores, mesmo em rolos; placas metálicas com película de plástico refletora, próprias para colocação em carrocerias, para-choques de veículos de carga, motocicletas, ciclomotores, capacetes, bonés de agentes de trânsito e de condutores de veículos, atuando como dispositivos refletivos de segurança rodoviários";REVOGADO;Portaria SRE-34/26;2026-10-01
XIV;Autopeças;92;01.090.00;8708.29.99;87082999;"Fitas, tiras, adesivos, autocolantes, de plástico, refletores, mesmo em rolos; placas metálicas com película de plástico refletora, próprias para colocação em carrocerias, para-choques de veículos de carga, motocicletas, ciclomotores, capacetes, bonés de agentes de trânsito e de condutores de veículos, atuando como dispositivos refletivos de segurança rodoviários";REVOGADO;Portaria SRE-34/26;2026-10-01
XIV;Autopeças;92;01.090.00;3919.10.00;39191000;"Fitas, tiras, adesivos, autocolantes, de plástico, refletores, mesmo em rolos; placas metálicas com película de plástico refletora, próprias para colocação em carrocerias, para-choques de veículos de carga, motocicletas, ciclomotores, capacetes, bonés de agentes de trânsito e de condutores de veículos, atuando como dispositivos refletivos de segurança rodoviários";REVOGADO;Portaria SRE-34/26;2026-10-01
XIV;Autopeças;92;01.090.00;3919.90.00;39199000;"Fitas, tiras, adesivos, autocolantes, de plástico, refletores, mesmo em rolos; placas metálicas com película de plástico refletora, próprias para colocação em carrocerias, para-choques de veículos de carga, motocicletas, ciclomotores, capacetes, bonés de agentes de trânsito e de condutores de veículos, atuando como dispositivos refletivos de segurança rodoviários";REVOGADO;Portaria SRE-34/26;2026-10-01
XIV;Autopeças;92;01.090.00;8708.29.99;87082999;"Fitas, tiras, adesivos, autocolantes, de plástico, refletores, mesmo em rolos; placas metálicas com película de plástico refletora, próprias para colocação em carrocerias, para-choques de veículos de carga, motocicletas, ciclomotores, capacetes, bonés de agentes de trânsito e de condutores de veículos, atuando como dispositivos refletivos de segurança rodoviários";REVOGADO;Portaria SRE-34/26;2026-10-01
XIV;Autopeças;93;01.091.00;8412.31.10;84123110;Cilindros pneumáticos;REVOGADO;Portaria SRE-34/26;2026-10-01
XIV;Autopeças;94;01.092.00;8413.19.00;84131900;Bomba elétrica de lavador de para-brisa;REVOGADO;Portaria SRE-34/26;2026-10-01
XIV;Autopeças;94;01.092.00;8413.50.90;84135090;Bomba elétrica de lavador de para-brisa;REVOGADO;Portaria SRE-34/26;2026-10-01
XIV;Autopeças;94;01.092.00;8413.81.00;84138100;Bomba elétrica de lavador de para-brisa;REVOGADO;Portaria SRE-34/26;2026-10-01
XIV;Autopeças;95;01.093.00;8413.60.19;84136019;Bomba de assistência de direção hidráulica;REVOGADO;Portaria SRE-34/26;2026-10-01
XIV;Autopeças;95;01.093.00;8413.70.10;84137010;Bomba de assistência de direção hidráulica;REVOGADO;Portaria SRE-34/26;2026-10-01
XIV;Autopeças;96;01.094.00;8414.59.10;84145910;Motoventiladores;REVOGADO;Portaria SRE-34/26;2026-10-01
XIV;Autopeças;96;01.094.00;8414.59.90;84145990;Motoventiladores;REVOGADO;Portaria SRE-34/26;2026-10-01
XIV;Autopeças;97;01.095.00;8421.39.90;84213990;Filtros de pólen do ar-condicionado;REVOGADO;Portaria SRE-34/26;2026-10-01
XIV;Autopeças;98;01.096.00;8501.10.19;85011019;“Máquina” de vidro elétrico de porta;REVOGADO;Portaria SRE-34/26;2026-10-01
XIV;Autopeças;99;01.097.00;8501.31.10;85013110;Motor de limpador de para-brisa;REVOGADO;Portaria SRE-34/26;2026-10-01
XIV;Autopeças;100;01.098.00;8504.50.00;85045000;Bobinas de reatância e de autoindução;REVOGADO;Portaria SRE-34/26;2026-10-01
XIV;Autopeças;101;01.099.00;8507.20;850720;Baterias de chumbo e de níquel-cádmio;REVOGADO;Portaria SRE-34/26;2026-10-01
XIV;Autopeças;101;01.099.00;8507.30;850730;Baterias de chumbo e de níquel-cádmio;REVOGADO;Portaria SRE-34/26;2026-10-01
XIV;Autopeças;102;01.100.00;8512.30.00;85123000;Aparelhos de sinalização acústica (buzina);REVOGADO;Portaria SRE-34/26;2026-10-01
XIV;Autopeças;103;01.101.00;9032.89.8;9032898;Instrumentos para regulação de grandezas não elétricas;REVOGADO;Portaria SRE-34/26;2026-10-01
XIV;Autopeças;103;01.101.00;9032.89.9;9032899;Instrumentos para regulação de grandezas não elétricas;REVOGADO;Portaria SRE-34/26;2026-10-01
XIV;Autopeças;104;01.102.00;9027.10.00;90271000;Analisadores de gases ou de fumaça (sonda lambda);REVOGADO;Portaria SRE-34/26;2026-10-01
XIV;Autopeças;105;01.103.00;4008.11.00;40081100;Perfilados de borracha vulcanizada não endurecida;REVOGADO;Portaria SRE-34/26;2026-10-01
XIV;Autopeças;106;01.104.00;5601.22.19;56012219;Artefatos de pasta de fibra de uso automotivo;REVOGADO;Portaria SRE-34/26;2026-10-01
XIV;Autopeças;107;01.105.00;5703.29.00;57032900;Tapetes/carpetes – náilon;REVOGADO;Portaria SRE-34/26;2026-10-01
XIV;Autopeças;107;01.105.00;5703.20.00;57032000;Tapetes/carpetes - nailón;REVOGADO;Portaria SRE-34/26;2026-10-01
XIV;Autopeças;108;01.106.00;5703.39.00;57033900;Tapetes de matérias têxteis sintéticas;REVOGADO;Portaria SRE-34/26;2026-10-01
XIV;Autopeças;108;01.106.00;5703.30.00;57033000;Tapetes de matérias têxteis sintéticas;REVOGADO;Portaria SRE-34/26;2026-10-01
XIV;Autopeças;109;01.107.00;5911.90.00;59119000;Forração interior capacete;REVOGADO;Portaria SRE-34/26;2026-10-01
XIV;Autopeças;110;01.108.00;6903.90.99;69039099;Outros para-brisas;REVOGADO;Portaria SRE-34/26;2026-10-01
XIV;Autopeças;111;01.109.00;7007.29.00;70072900;Moldura com espelho;REVOGADO;Portaria SRE-34/26;2026-10-01
XIV;Autopeças;112;01.110.00;7314.50.00;73145000;Corrente de transmissão;REVOGADO;Portaria SRE-34/26;2026-10-01
XIV;Autopeças;113;01.111.00;7315.11.00;73151100;Corrente transmissão;REVOGADO;Portaria SRE-34/26;2026-10-01
XIV;Autopeças;114;01.113.00;8418.99.00;84189900;Condensador tubular metálico;REVOGADO;Portaria SRE-34/26;2026-10-01
XIV;Autopeças;115;01.114.00;8419.50;841950;Trocadores de calor;REVOGADO;Portaria SRE-34/26;2026-10-01
XIV;Autopeças;116;01.115.00;8424.90.90;84249090;Partes de aparelhos mecânicos de pulverizar ou dispersar;REVOGADO;Portaria SRE-34/26;2026-10-01
XIV;Autopeças;117;01.116.00;8425.49.10;84254910;Macacos manuais para veículos;REVOGADO;Portaria SRE-34/26;2026-10-01
XIV;Autopeças;118;01.117.00;8431.41.00;84314100;Caçambas, pás, ganchos e tenazes para máquinas rodoviárias;REVOGADO;Portaria SRE-34/26;2026-10-01
XIV;Autopeças;119;01.118.00;8501.61.00;85016100;Geradores de corrente alternada de potência não superior a 75 kva;REVOGADO;Portaria SRE-34/26;2026-10-01
XIV;Autopeças;120;01.119.00;8531.10.90;85311090;Aparelhos elétricos para alarme de uso automotivo;REVOGADO;Portaria SRE-34/26;2026-10-01
XIV;Autopeças;121;01.120.00;9014.10.00;90141000;Bússolas;REVOGADO;Portaria SRE-34/26;2026-10-01
XIV;Autopeças;122;01.121.00;9025.19.90;90251990;Indicadores de temperatura;REVOGADO;Portaria SRE-34/26;2026-10-01
XIV;Autopeças;123;01.122.00;9025.90.10;90259010;Partes de indicadores de temperatura;REVOGADO;Portaria SRE-34/26;2026-10-01
XIV;Autopeças;124;01.123.00;9026.90;902690;Partes de aparelhos de medida ou controle;REVOGADO;Portaria SRE-34/26;2026-10-01
XIV;Autopeças;125;01.124.00;9032.10.10;90321010;Termostatos;REVOGADO;Portaria SRE-34/26;2026-10-01
XIV;Autopeças;126;01.125.00;9032.10.90;90321090;Instrumentos e aparelhos para regulação;REVOGADO;Portaria SRE-34/26;2026-10-01
XIV;Autopeças;127;01.126.00;9032.20.00;90322000;Pressostatos;REVOGADO;Portaria SRE-34/26;2026-10-01
XV;Lâmpadas, reatores e “starter”;1;09.001.00;8539;8539;Lâmpadas elétricas;REVOGADO;Portaria SRE-64/25;2026-01-01
XV;Lâmpadas, reatores e “starter”;2;09.002.00;8540;8540;Lâmpadas eletrônicas;REVOGADO;Portaria SRE-64/25;2026-01-01
XV;Lâmpadas, reatores e “starter”;3;09.003.00;8504.10.00;85041000;Reatores para lâmpadas ou tubos de descargas;REVOGADO;Portaria SRE-64/25;2026-01-01
XV;Lâmpadas, reatores e “starter”;4;09.004.00;8536.50;853650;“Starter”;REVOGADO;Portaria SRE-64/25;2026-01-01
XV;Lâmpadas, reatores e “starter”;5;09.005.00;8539.52.00;85395200;Lâmpadas de LED (diodos emissores de luz);REVOGADO;Portaria SRE-64/25;2026-01-01
XV;Lâmpadas, reatores e “starter”;5;09.005.00;8539.50.00;85395000;Lâmpadas de LED (Diodos Emissores de Luz);REVOGADO;Portaria SRE-64/25;2026-01-01
XVI;Produtos da indústria alimentícia;1;17.001.00;1704.90.10;17049010;Chocolate branco, em embalagens de conteúdo inferior ou igual a 1 kg, exceto os classificados nos CEST 17.005.00;VIGENTE;;
XVI;Produtos da indústria alimentícia;1;17.001.00;1704.90.10;17049010;Chocolate branco, em embalagens de conteúdo inferior ou igual a 1 kg, excluídos os ovos de páscoa de chocolate.;VIGENTE;;
XVI;Produtos da indústria alimentícia;1.1;17.001.01;1704.90.10;17049010;Chocolate branco, em embalagens de conteúdo superior a 1 kg e inferior ou igual a 2 kg, exceto os classificados nos CEST 17.005.00;VIGENTE;;
XVI;Produtos da indústria alimentícia;2;17.002.00;1806.31.10;18063110;Chocolates, em tabletes, barras ou paus, recheados, em recipientes ou embalagens imediatas de conteúdo inferior ou igual a 1 kg;VIGENTE;;
XVI;Produtos da indústria alimentícia;2;17.002.01;1806.31.10;18063110;Chocolates, em tabletes, barras ou paus, recheados, em recipientes ou embalagens de conteúdo superior a 1 kg e inferior ou igual a 2 kg;VIGENTE;;
XVI;Produtos da indústria alimentícia;2;17.002.00;1806.31.10;18063110;Chocolates contendo cacau, em embalagens de conteúdo inferior ou igual a 1 kg;VIGENTE;;
XVI;Produtos da indústria alimentícia;2;17.002.00;1806.31.20;18063120;Chocolates contendo cacau, em embalagens de conteúdo inferior ou igual a 1 kg;VIGENTE;;
XVI;Produtos da indústria alimentícia;3;17.003.00;1806.32.10;18063210;Chocolates, em tabletes, barras ou paus, não recheados, em recipientes ou embalagens imediatas de conteúdo inferior ou igual a 2 kg;VIGENTE;;
XVI;Produtos da indústria alimentícia;3;17.003.00;1806.32.10;18063210;Chocolate em barras, tabletes ou blocos ou no estado líquido, em pasta, em pó, grânulos ou formas semelhantes, em recipientes ou embalagens imediatas de conteúdo inferior ou igual a 2 kg;VIGENTE;;
XVI;Produtos da indústria alimentícia;3;17.003.00;1806.32.20;18063220;Chocolate em barras, tabletes ou blocos ou no estado líquido, em pasta, em pó, grânulos ou formas semelhantes, em recipientes ou embalagens imediatas de conteúdo inferior ou igual a 2 kg;VIGENTE;;
XVI;Produtos da indústria alimentícia;4;17.004.00;1806.90.00;18069000;Chocolates e outras preparações alimentícias contendo cacau, em embalagens de conteúdo inferior ou igual a 1 kg, exceto os classificados nos CEST 17.005.01, 17.006.00, 17.006.02, 17.007.00 e 17.109.00;VIGENTE;;
XVI;Produtos da indústria alimentícia;4;17.004.00;1806.90.00;18069000;Chocolates e outras preparações alimentícias contendo cacau, em embalagens de conteúdo inferior ou igual a 1 kg, exceto os classificados nos CEST 17.005.01, 17.006.00, 17.006.02 e 17.007.00;VIGENTE;;
XVI;Produtos da indústria alimentícia;4;17.004.00;1806.90.00;18069000;Chocolates e outras preparações alimentícias contendo cacau, em embalagens de conteúdo inferior ou igual a 1 kg, excluídos os achocolatados em pó e ovos de páscoa de chocolate.;VIGENTE;;
XVI;Produtos da indústria alimentícia;4;17.004.01;1806.90.00;18069000;Chocolates e outras preparações alimentícias contendo cacau, em embalagens de conteúdo superior a 1 kg e inferior ou igual a 2 kg, exceto os classificados nos CEST 17.005.01, 17.006.00, 17.006.02 e 17.007.00;VIGENTE;;
XVI;Produtos da indústria alimentícia;5;17.005.00;1704.90.10;17049010;Ovos de páscoa de chocolate branco;REVOGADO;Portaria CAT-91/21;2022-01-01
XVI;Produtos da indústria alimentícia;6;17.005.01;1806.90.00;18069000;Ovos de páscoa de chocolate;REVOGADO;Portaria CAT-91/21;2022-01-01
XVI;Produtos da indústria alimentícia;7;17.006.00;1806.90.00;18069000;Achocolatados em pó, em embalagens de conteúdo inferior ou igual a 1 kg, exceto os classificados no CEST 17.006.02;VIGENTE;;
XVI;Produtos da indústria alimentícia;8;17.006.02;1806.90.00;18069000;Achocolatados em pó, em cápsulas;VIGENTE;;
XVI;Produtos da indústria alimentícia;9;17.007.00;1806.90.00;18069000;Caixas de bombons contendo cacau, em embalagens de conteúdo inferior ou igual a 1 kg;VIGENTE;;
XVI;Produtos da indústria alimentícia;10;17.008.00;1704.90.90;17049090;Bombons, inclusive à base de chocolate branco sem cacau;VIGENTE;;
XVI;Produtos da indústria alimentícia;11;17.009.00;1806.90.00;18069000;Bombons, balas, caramelos, confeitos, pastilhas e outros produtos de confeitaria, contendo cacau;VIGENTE;;
XVI;Produtos da indústria alimentícia;12;17.010.00;2009;2009;"Sucos de frutas ou de produtos hortícolas; mistura de sucos";REVOGADO;Portaria SRE-64/25;2026-01-01
XVI;Produtos da indústria alimentícia;13;17.0 11.00;2009.89.2;2009892;Água de coco;REVOGADO;Portaria SRE-64/25;2026-01-01
XVI;Produtos da indústria alimentícia;13;17.011.00;2009.8;20098;Água de coco;VIGENTE;;
XVI;Produtos da indústria alimentícia;14;17.012.00;0402.1;04021;Leite em pó, blocos ou grânulos, exceto creme de leite;VIGENTE;;
XVI;Produtos da indústria alimentícia;14;17.012.00;0402.2;04022;Leite em pó, blocos ou grânulos, exceto creme de leite;VIGENTE;;
XVI;Produtos da indústria alimentícia;14;17.012.00;0402.9;04029;Leite em pó, blocos ou grânulos, exceto creme de leite;VIGENTE;;
XVI;Produtos da indústria alimentícia;15;17.013.00;1901.10.20;19011020;Farinha láctea;VIGENTE;;
XVI;Produtos da indústria alimentícia;16;17.014.00;1901.10.10;19011010;Leite modificado para alimentação de crianças;VIGENTE;;
XVI;Produtos da indústria alimentícia;17;17.015.00;1901.10.90;19011090;Preparações para alimentação infantil à base de farinhas, grumos, sêmolas ou amidos e outros;VIGENTE;;
XVI;Produtos da indústria alimentícia;17;17.015.00;1901.10.30;19011030;Preparações para alimentação infantil à base de farinhas, grumos, sêmolas ou amidos e outros;VIGENTE;;
XVI;Produtos da indústria alimentícia;18;17.016.00;0401.10.10;04011010;Leite “longa vida” (UHT - “Ultra High Temperature”), em recipiente de conteúdo inferior ou igual a 2 litros;VIGENTE;;
XVI;Produtos da indústria alimentícia;18;17.016.00;0401.20.10;04012010;Leite “longa vida” (UHT - “Ultra High Temperature”), em recipiente de conteúdo inferior ou igual a 2 litros;VIGENTE;;
XVI;Produtos da indústria alimentícia;19;17.019.00;0401.40.2;0401402;Creme de leite, em recipiente de conteúdo inferior ou igual a 1 kg;VIGENTE;;
XVI;Produtos da indústria alimentícia;19;17.019.00;0402.21.30;04022130;Creme de leite, em recipiente de conteúdo inferior ou igual a 1 kg;VIGENTE;;
XVI;Produtos da indústria alimentícia;19;17.019.00;0402.29.30;04022930;Creme de leite, em recipiente de conteúdo inferior ou igual a 1 kg;VIGENTE;;
XVI;Produtos da indústria alimentícia;19;17.019.00;0402.9;04029;Creme de leite, em recipiente de conteúdo inferior ou igual a 1 kg;VIGENTE;;
XVI;Produtos da indústria alimentícia;20;17.019.02;0401.10;040110;Outros cremes de leite, em recipiente de conteúdo inferior ou igual a 1kg;VIGENTE;;
XVI;Produtos da indústria alimentícia;20;17.019.02;0401.20;040120;Outros cremes de leite, em recipiente de conteúdo inferior ou igual a 1kg;VIGENTE;;
XVI;Produtos da indústria alimentícia;20;17.019.02;0401.50;040150;Outros cremes de leite, em recipiente de conteúdo inferior ou igual a 1kg;VIGENTE;;
XVI;Produtos da indústria alimentícia;20;17.019.02;0402.10;040210;Outros cremes de leite, em recipiente de conteúdo inferior ou igual a 1kg;VIGENTE;;
XVI;Produtos da indústria alimentícia;20;17.019.02;0402.29.20;04022920;Outros cremes de leite, em recipiente de conteúdo inferior ou igual a 1kg;VIGENTE;;
XVI;Produtos da indústria alimentícia;21;17.020.00;0402.9;04029;Leite condensado, em recipiente de conteúdo inferior ou igual a 1 kg;VIGENTE;;
XVI;Produtos da indústria alimentícia;22;17.021.00;0403;0403;Iogurte e leite fermentado em recipiente de conteúdo inferior ou igual a 2 litros, exceto o item classificado no CEST 17.022.00;VIGENTE;;
XVI;Produtos da indústria alimentícia;23;17.023.00;0406;0406;Requeijão e similares, em recipiente de conteúdo inferior ou igual a 1 kg, exceto as embalagens individuais de conteúdo inferior ou igual a 10 g;VIGENTE;;
XVI;Produtos da indústria alimentícia;24;17.025.00;0405.10.00;04051000;Manteiga, em embalagem de conteúdo inferior ou igual a 1 kg, exceto as embalagens individuais de conteúdo inferior ou igual a 10 g;VIGENTE;;
XVI;Produtos da indústria alimentícia;25;17.026.00;1517.10.00;15171000;Margarina e creme vegetal em recipiente de conteúdo inferior ou igual a 500 g, exceto as embalagens individuais de conteúdo inferior ou igual a 10 g;VIGENTE;;
XVI;Produtos da indústria alimentícia;26;17.027.00;1517.10.00;15171000;Margarina e creme vegetal, em recipiente de conteúdo superior a 500 g e inferior ou igual a 1 kg, exceto as embalagens individuais de conteúdo inferior ou igual a 10 g;VIGENTE;;
XVI;Produtos da indústria alimentícia;27;17.027.02;1517.90;151790;Outras margarinas e cremes vegetais em recipiente de conteúdo inferior a 1 kg, exceto as embalagens individuais de conteúdo inferior ou igual a 10 g;VIGENTE;;
XVI;Produtos da indústria alimentícia;28;17.030.00;1904.10.00;19041000;Produtos à base de cereais, obtidos por expansão ou torrefação;REVOGADO;Portaria SRE-64/25;2026-01-01
XVI;Produtos da indústria alimentícia;28;17.030.00;1904.90.00;19049000;Produtos à base de cereais, obtidos por expansão ou torrefação;REVOGADO;Portaria SRE-64/25;2026-01-01
XVI;Produtos da indústria alimentícia;29;17.031.00;1905.90.90;19059090;Salgadinhos diversos, exceto os classificados no CEST 17.031.01 e 17.031.02 (biscoitos de polvilho);REVOGADO;Portaria SRE-64/25;2026-01-01
XVI;Produtos da indústria alimentícia;29;17.031.00;1905.90.90;19059090;Salgadinhos diversos, exceto os classificados no CEST 17.031.01;VIGENTE;;
XVI;Produtos da indústria alimentícia;30;17.031.01;1905.90.90;19059090;Salgadinhos diversos, derivados de farinha de trigo;REVOGADO;Portaria SRE-64/25;2026-01-01
XVI;Produtos da indústria alimentícia;31;17.032.00;2005.20.00;20052000;Batata frita, inhame e mandioca fritos;REVOGADO;Portaria SRE-64/25;2026-01-01
XVI;Produtos da indústria alimentícia;31;17.032.00;2005.9;20059;Batata frita, inhame e mandioca fritos;REVOGADO;Portaria SRE-64/25;2026-01-01
XVI;Produtos da indústria alimentícia;32;17.033.00;2008.1;20081;Amendoim e castanhas tipo aperitivo, em embalagem de conteúdo inferior ou igual a 1 kg;REVOGADO;Portaria SRE-64/25;2026-01-01
XVI;Produtos da indústria alimentícia;33;17.034.00;2103.20.10;21032010;Catchup em embalagens imediatas de conteúdo inferior ou igual a 650 g, exceto as embalagens contendo envelopes individualizados (sachês) de conteúdo inferior ou igual a 10 g;VIGENTE;;
XVI;Produtos da indústria alimentícia;34;17.035.00;2103.90.21;21039021;Condimentos e temperos compostos, incluindo molho de pimenta e outros molhos, em embalagens imediatas de conteúdo inferior ou igual a 1 kg, exceto as embalagens contendo envelopes individualizados (sachês) de conteúdo inferior ou igual a 3 g;VIGENTE;;
XVI;Produtos da indústria alimentícia;34;17.035.00;2103.90.91;21039091;Condimentos e temperos compostos, incluindo molho de pimenta e outros molhos, em embalagens imediatas de conteúdo inferior ou igual a 1 kg, exceto as embalagens contendo envelopes individualizados (sachês) de conteúdo inferior ou igual a 3 g;VIGENTE;;
XVI;Produtos da indústria alimentícia;35;17.036.00;2103.10.10;21031010;Molhos de soja preparados em embalagens imediatas de conteúdo inferior ou igual a 650 g, exceto as embalagens contendo envelopes individualizados (sachês) de conteúdo inferior ou igual a 10 g;VIGENTE;;
XVI;Produtos da indústria alimentícia;36;17.037.00;2103.30.10;21033010;Farinha de mostarda em embalagens de conteúdo inferior ou igual a 1 kg;VIGENTE;;
XVI;Produtos da indústria alimentícia;37;17.038.00;2103.30.21;21033021;Mostarda preparada em embalagens imediatas de conteúdo inferior ou igual a 650 g, exceto as embalagens contendo envelopes individualizados (sachês) de conteúdo inferior ou igual a 10 g;VIGENTE;;
XVI;Produtos da indústria alimentícia;38;17.039.00;2103.90.11;21039011;Maionese em embalagens imediatas de conteúdo inferior ou igual a 650 g, exceto as embalagens contendo envelopes individualizados (sachês) de conteúdo inferior ou igual a 10 g;VIGENTE;;
XVI;Produtos da indústria alimentícia;39;17.040.00;2002;2002;Tomates preparados ou conservados, exceto em vinagre ou em ácido acético, em embalagens de conteúdo inferior ou igual a 1 kg;VIGENTE;;
XVI;Produtos da indústria alimentícia;40;17.041.00;2103.20.10;21032010;Molhos de tomate em embalagens imediatas de conteúdo inferior ou igual a 1 kg;VIGENTE;;
XVI;Produtos da indústria alimentícia;41;17.042.00;1704.90.90;17049090;Barra de cereais;REVOGADO;Portaria SRE-64/25;2026-01-01
XVI;Produtos da indústria alimentícia;41;17.042.00;1904.20.00;19042000;Barra de cereais;REVOGADO;Portaria SRE-64/25;2026-01-01
XVI;Produtos da indústria alimentícia;41;17.042.00;1904.90.00;19049000;Barra de cereais;REVOGADO;Portaria SRE-64/25;2026-01-01
XVI;Produtos da indústria alimentícia;42;17.043.00;1806.31.20;18063120;Barra de cereais contendo cacau;REVOGADO;Portaria SRE-64/25;2026-01-01
XVI;Produtos da indústria alimentícia;42;17.043.00;1806.32.20;18063220;Barra de cereais contendo cacau;REVOGADO;Portaria SRE-64/25;2026-01-01
XVI;Produtos da indústria alimentícia;42;17.043.00;1806.90.00;18069000;Barra de cereais contendo cacau;REVOGADO;Portaria SRE-64/25;2026-01-01
XVI;Produtos da indústria alimentícia;43;17.047.00;1902.30.00;19023000;Massas alimentícias tipo instantânea, exceto as descritas no CEST 17047.01;VIGENTE;;
XVI;Produtos da indústria alimentícia;43;17.047.00;1902.30.00;19023000;Massas alimentícias tipo instantânea;VIGENTE;;
XVI;Produtos da indústria alimentícia;43.1;17.047.01;1902.30.00;19023000;Massas alimentícias tipo instantânea, derivadas de farinha de trigo;VIGENTE;;
XVI;Produtos da indústria alimentícia;44;17.048.00;1902;1902;Massas alimentícias, cozidas ou recheadas (de carne ou de outras substâncias) ou preparadas de outro modo, exceto as descritas nos CEST 17.047.00, 17.048.01, e 17.048.02;VIGENTE;;
XVI;Produtos da indústria alimentícia;45;17.048.01;1902.40.00;19024000;Cuscuz;VIGENTE;;
XVI;Produtos da indústria alimentícia;46;17.048.02;1902.20.00;19022000;Massas alimentícias recheadas (mesmo cozidas ou preparadas de outro modo);VIGENTE;;
XVI;Produtos da indústria alimentícia;47;17.050.00;1905.20;190520;Pães industrializados, inclusive de especiarias, exceto panetones e bolo de forma;VIGENTE;;
XVI;Produtos da indústria alimentícia;48;17.051.00;1905.20.90;19052090;Bolo de forma, inclusive de especiarias;VIGENTE;;
XVI;Produtos da indústria alimentícia;49;17.053.00;1905.31.00;19053100;"Biscoitos e bolachas derivados de farinha de trigo; (exceto dos tipos “cream cracker”, “água e sal”, “maisena”, “maria” e outros de consumo popular que não sejam adicionados de cacau, nem recheados, cobertos ou amanteigados, independentemente de sua denominação comercial)";VIGENTE;;
XVI;Produtos da indústria alimentícia;50;17.054.00;1905.31.00;19053100;"Biscoitos e bolachas não derivados de farinha de trigo; (exceto dos tipos ""cream cracker"", ""água e sal"", ""maisena"" e ""maria"" e outros de consumo popular que não sejam adicionados de cacau, nem recheados, cobertos ou amanteigados, independentemente de sua denominação comercial)";VIGENTE;;
XVI;Produtos da indústria alimentícia;51;17.056.00;1905.90.20;19059020;Biscoitos e bolachas derivados de farinha de trigo dos tipos “cream cracker” e “água e sal”;VIGENTE;;
XVI;Produtos da indústria alimentícia;52;17.056.01;1905.90.20;19059020;Biscoitos e bolachas não derivados de farinha de trigo dos tipos “cream cracker” e “água e sal”;VIGENTE;;
XVI;Produtos da indústria alimentícia;53;17.056.02;1905.90.20;19059020;Outras bolachas, exceto casquinhas para sorvete e os biscoitos e bolachas relacionados nos CEST 17.056.00 e 17.056.01;VIGENTE;;
XVI;Produtos da indústria alimentícia;54;17.057.00;1905.32.00;19053200;“Waffles” e “wafers” - sem cobertura;VIGENTE;;
XVI;Produtos da indústria alimentícia;55;17.058.00;1905.32.00;19053200;“Waffles” e “wafers” - com cobertura;VIGENTE;;
XVI;Produtos da indústria alimentícia;56;17.059.00;1905.40.00;19054000;Torradas, pão torrado e produtos semelhantes torrados;VIGENTE;;
XVI;Produtos da indústria alimentícia;57;17.060.00;1905.90.10;19059010;Outros pães de forma;VIGENTE;;
XVI;Produtos da indústria alimentícia;58;17.062.00;1905.90.90;19059090;Outros pães, exceto o classificado no CEST 17.062.03;VIGENTE;;
XVI;Produtos da indústria alimentícia;59;17.062.01;1905.90.90;19059090;"Outros bolos industrializados e produtos de panificação não especificados anteriormente, incluindo as pizzas; exceto os classificados nos CEST 17.062.02 e 17.062.03";VIGENTE;;
XVI;Produtos da indústria alimentícia;60;17.063.00;1905.10.00;19051000;Pão denominado knackebrot;VIGENTE;;
XVI;Produtos da indústria alimentícia;61;17.065.00;1507.90.11;15079011;Óleo de soja refinado, em recipientes com capacidade inferior ou igual a 5 litros, exceto as embalagens individuais de conteúdo inferior ou igual a 15 mililitros;REVOGADO;Portaria SRE-64/25;2026-01-01
XVI;Produtos da indústria alimentícia;62;17.066.00;1508;1508;Óleo de amendoim refinado, em recipientes com capacidade inferior ou igual a 5 litros, exceto as embalagens individuais de conteúdo inferior ou igual a 15 mililitros;REVOGADO;Portaria SRE-64/25;2026-01-01
XVI;Produtos da indústria alimentícia;63;17.067.00;1509;1509;Azeites de oliva, em recipientes com capacidade inferior a 2 litros, exceto as embalagens individuais de conteúdo inferior ou igual a 20 mililitros;REVOGADO;Portaria SRE-64/25;2026-01-01
XVI;Produtos da indústria alimentícia;64;17.068.00;1510;1510;Outros óleos e respectivas frações, obtidos exclusivamente a partir de azeitonas, mesmo refinados, mas não quimicamente modificados, e misturas desses óleos ou frações com óleos ou frações da posição 15.09, em recipientes com capacidade inferior ou igual a 5 litros, exceto as embalagens individuais de conteúdo inferior ou igual a 15 mililitros;REVOGADO;Portaria SRE-64/25;2026-01-01
XVI;Produtos da indústria alimentícia;64;17.068.00;1510.00.00;15100000;Outros óleos e respectivas frações, obtidos exclusivamente a partir de azeitonas, mesmo refinados, mas não quimicamente modificados, e misturas desses óleos ou frações com óleos ou frações da posição 15.09, em recipientes com capacidade inferior ou igual a 5 litros, exceto as embalagens individuais de conteúdo inferior ou igual a 15 mililitros;VIGENTE;;
XVI;Produtos da indústria alimentícia;65;17.069.00;1512.19.11;15121911;Óleo de girassol em recipientes com capacidade inferior ou igual a 5 litros, exceto as embalagens individuais de conteúdo inferior ou igual a 15 mililitros;REVOGADO;Portaria SRE-64/25;2026-01-01
XVI;Produtos da indústria alimentícia;66;17.069.01;1512.29.10;15122910;Óleo de algodão refinado em recipientes com capacidade inferior ou igual a 5 litros, exceto as embalagens individuais de conteúdo inferior ou igual a 15 mililitros;REVOGADO;Portaria SRE-64/25;2026-01-01
XVI;Produtos da indústria alimentícia;67;17.070.00;1514.1;15141;Óleo de canola, em recipientes com capacidade inferior ou igual a 5 litros, exceto as embalagens individuais de conteúdo inferior ou igual a 15 mililitros;REVOGADO;Portaria SRE-64/25;2026-01-01
XVI;Produtos da indústria alimentícia;68;17.071.00;1515.19.00;15151900;Óleo de linhaça refinado, em recipientes com capacidade inferior ou igual a 5 litros, exceto as embalagens individuais de conteúdo inferior ou igual a 15 mililitros;REVOGADO;Portaria SRE-64/25;2026-01-01
XVI;Produtos da indústria alimentícia;69;17.072.00;1515.29.10;15152910;Óleo de milho refinado, em recipientes com capacidade inferior ou igual a 5 litros, exceto as embalagens individuais de conteúdo inferior ou igual a 15 mililitros;REVOGADO;Portaria SRE-64/25;2026-01-01
XVI;Produtos da indústria alimentícia;70;17.073.00;1512.29.90;15122990;Outros óleos refinados, em recipientes com capacidade inferior ou igual a 5 litros, exceto as embalagens individuais de conteúdo inferior ou igual a 15 mililitros;REVOGADO;Portaria SRE-64/25;2026-01-01
XVI;Produtos da indústria alimentícia;71;17.074.00;1517.90.10;15179010;Misturas de óleos refinados, para consumo humano, em recipientes com capacidade inferior ou igual a 5 litros, exceto as embalagens individuais de conteúdo inferior ou igual a 15 mililitros;REVOGADO;Portaria SRE-64/25;2026-01-01
XVI;Produtos da indústria alimentícia;72;17.076.00;1601.00.00;16010000;"Enchidos (embutidos) e produtos semelhantes, de carne, miudezas ou sangue; exceto salsicha, linguiça e mortadela";VIGENTE;;
XVI;Produtos da indústria alimentícia;73;17.077.00;1601.00.00;16010000;Salsicha e linguiça, exceto as descritas nos CEST 17.077.01;VIGENTE;;
XVI;Produtos da indústria alimentícia;74;17.077.01;1601.00.00;16010000;Salsicha em lata;VIGENTE;;
XVI;Produtos da indústria alimentícia;75;17.078.00;1601.00.00;16010000;Mortadela;VIGENTE;;
XVI;Produtos da indústria alimentícia;76;17.079.00;1602;1602;Outras preparações e conservas de carne, miudezas ou de sangue, exceto as descritas nos CEST 17.079.01, 17.079.02, 17.079.03, 17.079.04, 17.079.05, 17.079.06, 17.079.07 e 17.079.08;VIGENTE;;
XVI;Produtos da indústria alimentícia;76;17.079.00;16.02;1602;Outras preparações e conservas de carne, miudezas ou de sangue, exceto as descritas nos CEST 17.079.01, 17.079.02, 17.079.03, 17.079.04, 17.079.05, 17.079.06 e 17.079.07;VIGENTE;;
XVI;Produtos da indústria alimentícia;77;17.079.01;1602.31.00;16023100;Outras preparações e conservas de carne, de miudezas ou de sangue, de aves da posição 01.0 5: de peruas e de perus, exceto as descritas no CEST 17.079.08;VIGENTE;;
XVI;Produtos da indústria alimentícia;77;17.079.01;1602.31.00;16023100;Outras preparações e conservas de carne, de miudezas ou de sangue, de aves da posição 01.05: de peruas e de perus.;VIGENTE;;
XVI;Produtos da indústria alimentícia;78;17.079.02;1602.32.10;16023210;Outras preparações e conservas de carne, de miudezas ou de sangue, de aves da posição 01 .05: de galos e de galinhas, com conteúdo de carne ou de miudezas superior ou igual a 57 %, em peso, não cozidas, exceto as descritas no CEST 17.079.08;VIGENTE;;
XVI;Produtos da indústria alimentícia;78;17.079.02;1602.32.10;16023210;Outras preparações e conservas de carne, de miudezas ou de sangue, de aves da posição 01.05: de galos e de galinhas, com conteúdo de carne ou de miudezas superior ou igual a 57 %, em peso, não cozidas;VIGENTE;;
XVI;Produtos da indústria alimentícia;79;17.079.03;1602.32.20;16023220;Outras preparações e conservas de carne, de miudezas ou de sangue, de aves da posição 01.05: de galos e de galinhas, com conteúdo de carne ou de miudezas superior ou igual a 57 %, em peso, cozidas, exceto as descritas no CEST 17.079.08;VIGENTE;;
XVI;Produtos da indústria alimentícia;79;17.079.03;1602.32.20;16023220;Outras preparações e conservas de carne, de miudezas ou de sangue, todas de aves da posição 01.05: de galos e de galinhas, com conteúdo de carne ou de miudezas superior ou igual a 57 %, em peso, cozidas;VIGENTE;;
XVI;Produtos da indústria alimentícia;80;17.079.04;1602.41.00;16024100;Outras preparações e conservas de carne, de miudezas ou de sangue, da espécie suína: pernas e respectivos pedaços;VIGENTE;;
XVI;Produtos da indústria alimentícia;81;17.079.05;1602.49.00;16024900;Outras preparações e conservas de carne, de miudezas ou de sangue, da espécie suína: outras, incluindo as misturas, exceto os descritos no CEST 17.079.07;VIGENTE;;
XVI;Produtos da indústria alimentícia;82;17.079.06;1602.50.00;16025000;Outras preparações e conservas de carne, de miudezas ou de sangue, da espécie bovina;VIGENTE;;
XVI;Produtos da indústria alimentícia;83;17.079.07;1602.49.00;16024900;Apresuntado;VIGENTE;;
XVI;Produtos da indústria alimentícia;84;17.080.00;1604;1604;"Preparações e conservas de peixes; caviar e seus sucedâneos preparados a partir de ovas de peixe; exceto os descritos nos CEST 17.080.01 e 17.081.00";VIGENTE;;
XVI;Produtos da indústria alimentícia;85;17.080.01;1604.20.10;16042010;Outras preparações e conservas de atuns;VIGENTE;;
XVI;Produtos da indústria alimentícia;86;17.081.00;1604;1604;Sardinha em conserva;VIGENTE;;
XVI;Produtos da indústria alimentícia;87;17.082.00;1605;1605;Crustáceos, moluscos e outros invertebrados aquáticos, preparados ou em conservas;VIGENTE;;
XVI;Produtos da indústria alimentícia;88;17.088.00;0710;0710;Produtos hortícolas, cozidos em água ou vapor, congelados, em embalagens de conteúdo inferior ou igual a 1 kg;REVOGADO;Portaria SRE-64/25;2026-01-01
XVI;Produtos da indústria alimentícia;89;17.089.00;0811;0811;Frutas, não cozidas ou cozidas em água ou vapor, congeladas, mesmo adicionadas de açúcar ou de outros edulcorantes, em embalagens de conteúdo inferior ou igual a 1 kg;REVOGADO;Portaria SRE-64/25;2026-01-01
XVI;Produtos da indústria alimentícia;90;17.090.00;2001;2001;Produtos hortícolas, frutas e outras partes comestíveis de plantas, preparados ou conservados em vinagre ou em ácido acético, em embalagens de conteúdo inferior ou igual a 1 kg;REVOGADO;Portaria SRE-64/25;2026-01-01
XVI;Produtos da indústria alimentícia;91;17.091.00;2004;2004;Outros produtos hortícolas preparados ou conservados, exceto em vinagre ou em ácido acético, congelados, com exceção dos produtos da posição 20.06, em embalagens de conteúdo inferior ou igual a 1 kg;REVOGADO;Portaria SRE-64/25;2026-01-01
XVI;Produtos da indústria alimentícia;92;17.092.00;2005;2005;Outros produtos hortícolas preparados ou conservados, exceto em vinagre ou em ácido acético, não congelados, com exceção dos produtos da posição 20.06, excluídos batata, inhame e mandioca fritos, em embalagens de conteúdo inferior ou igual a 1 kg;REVOGADO;Portaria SRE-64/25;2026-01-01
XVI;Produtos da indústria alimentícia;93;17.093.00;2006.00.00;20060000;Produtos hortícolas, frutas, cascas de frutas e outras partes de plantas, conservados com açúcar (passados por calda, glaceados ou cristalizados), em embalagens de conteúdo inferior ou igual a 1 kg;REVOGADO;Portaria SRE-64/25;2026-01-01
XVI;Produtos da indústria alimentícia;94;17.094.00;2007;2007;Doces, geleias, “marmelades”, purês e pastas de frutas, obtidos por cozimento, com ou sem adição de açúcar ou de outros edulcorantes, em embalagens de conteúdo inferior ou igual a 1 kg, exceto as embalagens individuais de conteúdo inferior ou igual a 10 g;REVOGADO;Portaria SRE-64/25;2026-01-01
XVI;Produtos da indústria alimentícia;95;17.095.00;2008;2008;Frutas e outras partes comestíveis de plantas, preparadas ou conservadas de outro modo, com ou sem adição de açúcar ou de outros edulcorantes ou de álcool, não especificadas nem compreendidas em outras posições, excluídos os amendoins e castanhas tipo aperitivo, da posição 2008.1, em embalagens de conteúdo inferior ou igual a 1 kg;REVOGADO;Portaria SRE-64/25;2026-01-01
XVI;Produtos da indústria alimentícia;96;17.096.00;0901;0901;Café torrado e moído, em embalagens de conteúdo inferior ou igual a 2 kg, exceto os classificados nos CEST 17.096.04 e 17.096.05;REVOGADO;Portaria SRE-64/25;2026-01-01
XVI;Produtos da indústria alimentícia;97;17.096.04;0901;0901;Café torrado e moído, em cápsulas, exceto os descritos no CEST 17.096.05;REVOGADO;Portaria SRE-64/25;2026-01-01
XVI;Produtos da indústria alimentícia;98;17.096.05;0901;0901;Café descafeinado torrado e moído, em cápsulas;REVOGADO;Portaria SRE-64/25;2026-01-01
XVI;Produtos da indústria alimentícia;99;17.097.00;0902;0902;Chá, mesmo aromatizado;REVOGADO;Portaria SRE-64/25;2026-01-01
XVI;Produtos da indústria alimentícia;99;17.097.00;1211.90.90;12119090;Chá, mesmo aromatizado;REVOGADO;Portaria SRE-64/25;2026-01-01
XVI;Produtos da indústria alimentícia;99;17.097.00;2106.90.90;21069090;Chá, mesmo aromatizado;REVOGADO;Portaria SRE-64/25;2026-01-01
XVI;Produtos da indústria alimentícia;100;17.098.00;0903.00;090300;Mate;REVOGADO;Portaria SRE-64/25;2026-01-01
XVI;Produtos da indústria alimentícia;101;17.099.00;1701.1;17011;Açúcar refinado, em embalagens de conteúdo inferior ou igual a 2 kg, exceto as embalagens contendo envelopes individualizados (sachês) de conteúdo inferior ou igual a 10 g;REVOGADO;Portaria SRE-64/25;2026-01-01
XVI;Produtos da indústria alimentícia;101;17.099.00;1701.99.00;17019900;Açúcar refinado, em embalagens de conteúdo inferior ou igual a 2 kg, exceto as embalagens contendo envelopes individualizados (sachês) de conteúdo inferior ou igual a 10 g;REVOGADO;Portaria SRE-64/25;2026-01-01
XVI;Produtos da indústria alimentícia;102;17.101.00;1701.1;17011;Açúcar cristal, em embalagens de conteúdo inferior ou igual a 2 kg, exceto as embalagens contendo envelopes individualizados (sachês) de conteúdo inferior ou igual a 10 g;REVOGADO;Portaria SRE-64/25;2026-01-01
XVI;Produtos da indústria alimentícia;102;17.101.00;1701.99.00;17019900;Açúcar cristal, em embalagens de conteúdo inferior ou igual a 2 kg, exceto as embalagens contendo envelopes individualizados (sachês) de conteúdo inferior ou igual a 10 g;REVOGADO;Portaria SRE-64/25;2026-01-01
XVI;Produtos da indústria alimentícia;103;17.103.00;1701.1;17011;Outros tipos de açúcar, em embalagens de conteúdo inferior ou igual a 2 kg, exceto as embalagens contendo envelopes individualizados (sachês) de conteúdo inferior ou igual a 10 g;REVOGADO;Portaria SRE-64/25;2026-01-01
XVI;Produtos da indústria alimentícia;103;17.103.00;1701.99.00;17019900;Outros tipos de açúcar, em embalagens de conteúdo inferior ou igual a 2 kg, exceto as embalagens contendo envelopes individualizados (sachês) de conteúdo inferior ou igual a 10 g;REVOGADO;Portaria SRE-64/25;2026-01-01
XVI;Produtos da indústria alimentícia;104;17.106.00;2008.19.00;20081900;Milho para pipoca (micro-ondas);REVOGADO;Portaria SRE-64/25;2026-01-01
XVI;Produtos da indústria alimentícia;105;17.107.00;2101.1;21011;Extratos, essências e concentrados de café e preparações à base destes extratos, essências ou concentrados ou à base de café, em embalagens de conteúdo inferior ou igual a 500 g, exceto os classificados no CEST 17.107.01;REVOGADO;Portaria SRE-64/25;2026-01-01
XVI;Produtos da indústria alimentícia;106;17.107.01;2101.1;21011;Extratos, essências e concentrados de café e preparações à base destes extratos, essências ou concentrados ou à base de café, em cápsulas;REVOGADO;Portaria SRE-64/25;2026-01-01
XVI;Produtos da indústria alimentícia;107;17.108.00;2101.20;210120;Extratos, essências e concentrados de chá ou de mate e preparações à base destes extratos, essências ou concentrados ou à base de chá ou de mate, em embalagens de conteúdo inferior ou igual a 500 g, exceto as bebidas prontas à base de mate ou chá e os itens classificados no CEST 17.108.01;REVOGADO;Portaria SRE-64/25;2026-01-01
XVI;Produtos da indústria alimentícia;108;17.108.01;2101.20;210120;Extratos, essências e concentrados de chá ou de mate e preparações à base destes extratos, essências ou concentrados ou à base de chá ou de mate, em cápsulas;REVOGADO;Portaria SRE-64/25;2026-01-01
XVI;Produtos da indústria alimentícia;109;17.109.00;1806.90.00;18069000;Preparações em pó para cappuccino e similares, em embalagens de conteúdo inferior ou igual a 500 g;REVOGADO;Portaria SRE-64/25;2026-01-01
XVI;Produtos da indústria alimentícia;109;17.109.00;1901.90.90;19019090;Preparações em pó para cappuccino e similares, em embalagens de conteúdo inferior ou igual a 500 g;REVOGADO;Portaria SRE-64/25;2026-01-01
XVI;Produtos da indústria alimentícia;109;17.109.00;2101.11.90;21011190;Preparações em pó para cappuccino e similares, em embalagens de conteúdo inferior ou igual a 500 g;REVOGADO;Portaria SRE-64/25;2026-01-01
XVI;Produtos da indústria alimentícia;109;17.109.00;2101.12.00;21011200;Preparações em pó para cappuccino e similares, em embalagens de conteúdo inferior ou igual a 500 g;REVOGADO;Portaria SRE-64/25;2026-01-01
XVI;Produtos da indústria alimentícia;109;17.109.00;1901.90.90;19019090;Preparações em pó para cappuccino e similares, em embalagens de conteúdo inferior ou igual a 500 g;VIGENTE;;
XVI;Produtos da indústria alimentícia;109;17.109.00;2101.11.90;21011190;Preparações em pó para cappuccino e similares, em embalagens de conteúdo inferior ou igual a 500 g;VIGENTE;;
XVI;Produtos da indústria alimentícia;109;17.109.00;2101.12.00;21011200;Preparações em pó para cappuccino e similares, em embalagens de conteúdo inferior ou igual a 500 g;VIGENTE;;
XVI;Produtos da indústria alimentícia;110;17.110.00;2202.10.00;22021000;Refrescos e outras bebidas prontas para beber, à base de chá e mate;REVOGADO;Portaria SRE-64/25;2026-01-01
XVI;Produtos da indústria alimentícia;111;17.111.00;2202.10.00;22021000;Refrescos e outras bebidas não alcoólicas, exceto os refrigerantes e as demais bebidas nos CEST 03.007.00 e 17.110.00;REVOGADO;Portaria SRE-64/25;2026-01-01
XVI;Produtos da indústria alimentícia;112;17.112.00;2202.99.00;22029900;Néctares de frutas e outras bebidas não alcoólicas prontas para beber, exceto bebidas hidroeletrolíticas e energéticos;REVOGADO;Portaria SRE-64/25;2026-01-01
XVI;Produtos da indústria alimentícia;112;17.112.00;2202.99.00;22029900;Néctares de frutas e outras bebidas não alcoólicas prontas para beber, exceto isotônicos e energéticos;VIGENTE;;
XVI;Produtos da indústria alimentícia;113;17.113.00;2101.20;210120;Bebidas prontas à base de mate ou chá;REVOGADO;Portaria SRE-64/25;2026-01-01
XVI;Produtos da indústria alimentícia;113;17.113.00;2202.99.00;22029900;Bebidas prontas à base de mate ou chá;REVOGADO;Portaria SRE-64/25;2026-01-01
XVI;Produtos da indústria alimentícia;114;17.114.00;2202.99.00;22029900;Bebidas prontas à base de café;REVOGADO;Portaria SRE-64/25;2026-01-01
XVI;Produtos da indústria alimentícia;115;17.115.00;2202.99.00;22029900;Bebidas alimentares prontas à base de soja, leite ou cacau, inclusive os produtos denominados bebidas lácteas;REVOGADO;Portaria SRE-64/25;2026-01-01
XVII;Materiais de construção e congêneres;1;10.001.00;2522;2522;Cal;VIGENTE;;
XVII;Materiais de construção e congêneres;2;10.002.00;3816.00.1;3816001;Argamassas;VIGENTE;;
XVII;Materiais de construção e congêneres;2;10.002.00;3824.50.00;38245000;Argamassas;VIGENTE;;
XVII;Materiais de construção e congêneres;3;10.003.00;3214.90.00;32149000;Outras argamassas;VIGENTE;;
XVII;Materiais de construção e congêneres;4;10.004.00;3910.00;391000;Silicones em formas primárias, para uso na construção;VIGENTE;;
XVII;Materiais de construção e congêneres;5;10.005.00;3916;3916;"Revestimentos de PVC e outros plásticos; forro, sancas e afins de PVC, para uso na construção";VIGENTE;;
XVII;Materiais de construção e congêneres;6;10.006.00;3917;3917;Tubos, e seus acessórios (por exemplo, juntas, cotovelos, flanges, uniões), de plásticos, para uso na construção;VIGENTE;;
XVII;Materiais de construção e congêneres;7;10.007.00;3918;3918;Revestimento de pavimento de PVC e outros plásticos;VIGENTE;;
XVII;Materiais de construção e congêneres;8;10.008.00;3919;3919;Chapas, folhas, tiras, fitas, películas e outras formas planas, autoadesivas, de plásticos, mesmo em rolos, para uso na construção;VIGENTE;;
XVII;Materiais de construção e congêneres;9;10.009.00;3919;3919;Veda rosca, lona plástica para uso na construção, fitas isolantes e afins;VIGENTE;;
XVII;Materiais de construção e congêneres;9;10.009.00;3920;3920;Veda rosca, lona plástica para uso na construção, fitas isolantes e afins;VIGENTE;;
XVII;Materiais de construção e congêneres;9;10.009.00;3921;3921;Veda rosca, lona plástica para uso na construção, fitas isolantes e afins;VIGENTE;;
XVII;Materiais de construção e congêneres;10;10.010.00;3921;3921;Telha de plástico, mesmo reforçada com fibra de vidro;VIGENTE;;
XVII;Materiais de construção e congêneres;11;10.011.00;3921;3921;Cumeeira de plástico, mesmo reforçada com fibra de vidro;VIGENTE;;
XVII;Materiais de construção e congêneres;12;10.012.00;3921;3921;Chapas, laminados plásticos em bobina, para uso na construção, exceto os descritos no CEST 10.010.00 e 10.011.00;VIGENTE;;
XVII;Materiais de construção e congêneres;13;10.013.00;3922;3922;Banheiras, boxes para chuveiros, pias, lavatórios, bidês, sanitários e seus assentos e tampas, caixas de descarga e artigos semelhantes para usos sanitários ou higiênicos, de plásticos;VIGENTE;;
XVII;Materiais de construção e congêneres;14;10.014.00;3924;3924;Artefatos de higiene/toucador de plástico, para uso na construção;VIGENTE;;
XVII;Materiais de construção e congêneres;15;10.015.00;3925.10.00;39251000;Caixa d’água, inclusive sua tampa, de plástico, mesmo reforçadas com fibra de vidro;VIGENTE;;
XVII;Materiais de construção e congêneres;16;10.016.00;3925.90;392590;Outras telhas, cumeeira e caixa d’água, inclusive sua tampa, de plástico, mesmo reforçadas com fibra de vidro;VIGENTE;;
XVII;Materiais de construção e congêneres;17;10.017.00;3925.10.00;39251000;Artefatos para apetrechamento de construções, de plásticos, não especificados nem compreendidos em outras posições, incluindo persianas, sancas, molduras, apliques e rosetas, caixilhos de polietileno e outros plásticos, exceto os descritos nos CEST 10.015.00 e 10.016.00;REVOGADO;Portaria SRE-18/22;2022-04-01
XVII;Materiais de construção e congêneres;17;10.017.00;3925.90;392590;Artefatos para apetrechamento de construções, de plásticos, não especificados nem compreendidos em outras posições, incluindo persianas, sancas, molduras, apliques e rosetas, caixilhos de polietileno e outros plásticos, exceto os descritos nos CEST 10.015.00 e 10.016.00;REVOGADO;Portaria SRE-18/22;2022-04-01
XVII;Materiais de construção e congêneres;18;10.018.00;3925.20.00;39252000;Portas, janelas e seus caixilhos, alizares e soleiras;VIGENTE;;
XVII;Materiais de construção e congêneres;19;10.019.00;3925.30.00;39253000;Postigos, estores (incluídas as venezianas) e artefatos semelhantes e suas partes;REVOGADO;Portaria SRE-18/22;2022-04-01
XVII;Materiais de construção e congêneres;20;10.020.00;3926.90;392690;Outras obras de plástico, para uso na construção;VIGENTE;;
XVII;Materiais de construção e congêneres;21;10.021.00;4814;4814;"Papel de parede e revestimentos de parede semelhantes; papel para vitrais";VIGENTE;;
XVII;Materiais de construção e congêneres;22;10.022.00;6810.19.00;68101900;Telhas de concreto;VIGENTE;;
XVII;Materiais de construção e congêneres;23;10.024.00;6811;6811;Caixas d’água, tanques e reservatórios e suas tampas, telhas, calhas, cumeeiras e afins, de fibrocimento, cimento-celulose ou semelhantes, contendo ou não amianto;VIGENTE;;
XVII;Materiais de construção e congêneres;24;10.025.00;6901;6901;Tijolos, placas (lajes), ladrilhos e outras peças cerâmicas de farinhas siliciosas fósseis (“kieselghur”, tripolita, diatomita, por exemplo) ou de terras siliciosas semelhantes;REVOGADO;Portaria SRE-64/25;2026-01-01
XVII;Materiais de construção e congêneres;24;10.025.00;00.00;0000;Tijolos, placas (lajes), ladrilhos e outras peças cerâmicas de farinhas siliciosas fósseis (“kieselghur”, tripolita, diatomita, por exemplo) ou de terras siliciosas semelhantes;REVOGADO;Portaria SRE-64/25;2026-01-01
XVII;Materiais de construção e congêneres;25;10.026.00;6902;6902;Tijolos, placas (lajes), ladrilhos e peças cerâmicas semelhantes, para uso na construção, refratários, que não sejam de farinhas siliciosas fósseis nem de terras siliciosas semelhantes;REVOGADO;Portaria SRE-64/25;2026-01-01
XVII;Materiais de construção e congêneres;26;10.027.00;6904;6904;Tijolos para construção, tijoleiras, tapa-vigas e produtos semelhantes, de cerâmica;REVOGADO;Portaria SRE-64/25;2026-01-01
XVII;Materiais de construção e congêneres;27;10.028.00;6905;6905;Telhas, elementos de chaminés, condutores de fumaça, ornamentos arquitetônicos, de cerâmica, e outros produtos cerâmicos para uso na construção;REVOGADO;Portaria SRE-09/26;2026-07-01
XVII;Materiais de construção e congêneres;28;10.029.00;6906.00.00;69060000;Tubos, calhas ou algerozes e acessórios para canalizações, de cerâmica;VIGENTE;;
XVII;Materiais de construção e congêneres;29;10.030.00;6907;6907;Ladrilhos e placas de cerâmica, exclusivamente para pavimentação ou revestimento;VIGENTE;;
XVII;Materiais de construção e congêneres;30;10.031.00;6910;6910;Pias, lavatórios, colunas para lavatórios, banheiras, bidês, sanitários, caixas de descarga, mictórios e aparelhos fixos semelhantes para usos sanitários, de cerâmica;VIGENTE;;
XVII;Materiais de construção e congêneres;31;10.032.00;6912.00.00;69120000;Artefatos de higiene/toucador de cerâmica;VIGENTE;;
XVII;Materiais de construção e congêneres;32;10.033.00;7003;7003;Vidro vazado ou laminado, em chapas, folhas ou perfis, mesmo com camada absorvente, refletora ou não, mas sem qualquer outro trabalho;REVOGADO;Portaria SRE-64/25;2026-01-01
XVII;Materiais de construção e congêneres;33;10.034.00;7004;7004;Vidro estirado ou soprado, em folhas, mesmo com camada absorvente, refletora ou não, mas sem qualquer outro trabalho;REVOGADO;Portaria SRE-64/25;2026-01-01
XVII;Materiais de construção e congêneres;34;10.035.00;7005;7005;Vidro flotado e vidro desbastado ou polido em uma ou em ambas as faces, em chapas ou em folhas, mesmo com camada absorvente, refletora ou não, mas sem qualquer outro trabalho;REVOGADO;Portaria SRE-64/25;2026-01-01
XVII;Materiais de construção e congêneres;35;10.036.00;7007.19.00;70071900;Vidros temperados;REVOGADO;Portaria SRE-64/25;2026-01-01
XVII;Materiais de construção e congêneres;36;10.037.00;7007.29.00;70072900;Vidros laminados;REVOGADO;Portaria SRE-64/25;2026-01-01
XVII;Materiais de construção e congêneres;37;10.038.00;7008;7008;Vidros isolantes de paredes múltiplas;REVOGADO;Portaria SRE-18/22;2022-04-01
XVII;Materiais de construção e congêneres;38;10.040.00;7214.20.00;72142000;Barras próprias para construções, exceto vergalhões;VIGENTE;;
XVII;Materiais de construção e congêneres;39;10.041.00;7308.90.10;73089010;Outras barras próprias para construções, exceto vergalhões;VIGENTE;;
XVII;Materiais de construção e congêneres;39.1;10.041.01;7308.90.10;73089010;Outros vergalhões;VIGENTE;;
XVII;Materiais de construção e congêneres;40;10.042.00;7214.20.00;72142000;Vergalhões;VIGENTE;;
XVII;Materiais de construção e congêneres;41;10.043.00;7213;7213;Outros vergalhões;VIGENTE;;
XVII;Materiais de construção e congêneres;41;10.043.00;7213;7213;Outros vergalhões;VIGENTE;;
XVII;Materiais de construção e congêneres;41;10.043.00;7308.90.10;73089010;Outros vergalhões;VIGENTE;;
XVII;Materiais de construção e congêneres;42;10.044.00;7217.10.90;72171090;"Fios de ferro ou aço não ligados, não revestidos, mesmo polidos; cordas, cabos, tranças (entrançados), lingas e artefatos semelhantes, de ferro ou aço, não isolados para usos elétricos";VIGENTE;;
XVII;Materiais de construção e congêneres;42;10.044.00;7312;7312;"Fios de ferro ou aço não ligados, não revestidos, mesmo polidos; cordas, cabos, tranças (entrançados), lingas e artefatos semelhantes, de ferro ou aço, não isolados para usos elétricos";VIGENTE;;
XVII;Materiais de construção e congêneres;43;10.045.00;7217.20.10;72172010;Outros fios de ferro ou aço, não ligados, galvanizados com teor de carbono superior ou igual a 0,6%, em peso;VIGENTE;;
XVII;Materiais de construção e congêneres;44;10.045.01;7217.20.90;72172090;Outros fios de ferro ou aço, não ligados, galvanizados;VIGENTE;;
XVII;Materiais de construção e congêneres;45;10.046.00;7307;7307;Acessórios para tubos (inclusive uniões, cotovelos, luvas ou mangas), de ferro fundido, ferro ou aço;VIGENTE;;
XVII;Materiais de construção e congêneres;46;10.047.00;7308.30.00;73083000;Portas e janelas, e seus caixilhos, alizares e soleiras de ferro fundido, ferro ou aço;VIGENTE;;
XVII;Materiais de construção e congêneres;47;10.048.00;7308.40.00;73084000;Material para andaimes, para armações (cofragens) e para escoramentos, (inclusive armações prontas, para estruturas de concreto armado ou argamassa armada), eletrocalhas e perfilados de ferro fundido, ferro ou aço, próprios para construção, exceto treliças de aço;VIGENTE;;
XVII;Materiais de construção e congêneres;47;10.048.00;7308.90;730890;Material para andaimes, para armações (cofragens) e para escoramentos, (inclusive armações prontas, para estruturas de concreto armado ou argamassa armada), eletrocalhas e perfilados de ferro fundido, ferro ou aço, próprios para construção, exceto treliças de aço;VIGENTE;;
XVII;Materiais de construção e congêneres;48;10.049.00;7308.40.00;73084000;Treliças de aço;VIGENTE;;
XVII;Materiais de construção e congêneres;49;10.051.00;7310;7310;"Caixas diversas (tais como caixa de correio, de entrada de água, de energia, de instalação) de ferro fundido, ferro ou aço; próprias para a construção";VIGENTE;;
XVII;Materiais de construção e congêneres;50;10.052.00;7313.00.00;73130000;Arame farpado, de ferro ou aço, arames ou tiras, retorcidos, mesmo farpados, de ferro ou aço, dos tipos utilizados em cercas;VIGENTE;;
XVII;Materiais de construção e congêneres;51;10.053.00;7314;7314;Telas metálicas, grades e redes, de fios de ferro ou aço;VIGENTE;;
XVII;Materiais de construção e congêneres;52;10.054.00;7315.11.00;73151100;Correntes de rolos, de ferro fundido, ferro ou aço;VIGENTE;;
XVII;Materiais de construção e congêneres;53;10.055.00;7315.12.90;73151290;Outras correntes de elos articulados, de ferro fundido, ferro ou aço;VIGENTE;;
XVII;Materiais de construção e congêneres;54;10.056.00;7315.82.00;73158200;Correntes de elos soldados, de ferro fundido, de ferro ou aço;VIGENTE;;
XVII;Materiais de construção e congêneres;55;10.057.00;7317.00;731700;Tachas, pregos, percevejos, escápulas, grampos ondulados ou biselados e artefatos semelhantes, de ferro fundido, ferro ou aço, mesmo com a cabeça de outra matéria, exceto cobre;VIGENTE;;
XVII;Materiais de construção e congêneres;56;10.058.00;7318;7318;Parafusos, pinos ou pernos, roscados, porcas, tira-fundos, ganchos roscados, rebites, chavetas, cavilhas, contrapinos, arruelas (incluídas as de pressão) e artefatos semelhantes, de ferro fundido, ferro ou aço;REVOGADO;Portaria SRE-18/22;2022-04-01
XVII;Materiais de construção e congêneres;57;10.059.00;7323;7323;Palha de ferro ou aço, exceto os de uso doméstico classificados na posição NCM 7323.10.00;VIGENTE;;
XVII;Materiais de construção e congêneres;58;10.059.01;7323;7323;Esponjas, esfregões, luvas e artefatos semelhantes para limpeza, polimento e usos semelhantes, de ferro ou aço, exceto os de uso doméstico classificados na posição NCM 7323.10.00;VIGENTE;;
XVII;Materiais de construção e congêneres;59;10.060.00;7324;7324;Artefatos de higiene ou de toucador, e suas partes, de ferro fundido, ferro ou aço, incluídas as pias, banheiras, lavatórios, cubas, mictórios, tanques e afins de ferro fundido, ferro ou aço, para uso na construção;VIGENTE;;
XVII;Materiais de construção e congêneres;60;10.061.00;7325;7325;Outras obras moldadas, de ferro fundido, ferro ou aço, para uso na construção;VIGENTE;;
XVII;Materiais de construção e congêneres;61;10.062.00;7326;7326;Abraçadeiras;VIGENTE;;
XVII;Materiais de construção e congêneres;62;10.0 64.00;7411.10.10;74111010;Tubos de cobre e suas ligas, para instalações de água quente e gás, para uso na construção;REVOGADO;Portaria SRE-19/26;2026-08-01
XVII;Materiais de construção e congêneres;63;10.065.00;7412;7412;Acessórios para tubos (por exemplo, uniões, cotovelos, luvas ou mangas) de cobre e suas ligas, para uso na construção;VIGENTE;;
XVII;Materiais de construção e congêneres;64;10.066.00;7415;7415;Tachas, pregos, percevejos, escápulas e artefatos semelhantes, de cobre, ou de ferro ou aço com cabeça de cobre, parafusos, pinos ou pernos, roscados, porcas, ganchos roscados, rebites, chavetas, cavilhas, contrapinos, arruelas (incluídas as de pressão), e artefatos semelhantes, de cobre;VIGENTE;;
XVII;Materiais de construção e congêneres;65;10.067.00;7418.20.00;74182000;Artefatos de higiene/toucador de cobre, para uso na construção;VIGENTE;;
XVII;Materiais de construção e congêneres;66;10.068.00;7607.19.90;76071990;Manta de subcobertura aluminizada;VIGENTE;;
XVII;Materiais de construção e congêneres;67;10.069.00;7608;7608;Tubos de alumínio e suas ligas, para refrigeração e ar condicionado, para uso na construção;VIGENTE;;
XVII;Materiais de construção e congêneres;68;10.070.00;7609.00.00;76090000;Acessórios para tubos (por exemplo, uniões, cotovelos, luvas ou mangas), de alumínio, para uso na construção;VIGENTE;;
XVII;Materiais de construção e congêneres;69;10.071.00;7610;7610;"Construções e suas partes (por exemplo, pontes e elementos de pontes, torres, pórticos ou pilones, pilares, colunas, armações, estruturas para telhados, portas e janelas, e seus caixilhos, alizares e soleiras, balaustradas), de alumínio, exceto as construções pré-fabricadas da posição 9406; chapas, barras, perfis, tubos e semelhantes, de alumínio, próprios para construções";VIGENTE;;
XVII;Materiais de construção e congêneres;70;10.072.00;7615.20.00;76152000;Artefatos de higiene/toucador de alumínio, para uso na construção;VIGENTE;;
XVII;Materiais de construção e congêneres;71;10.073.00;7616;7616;Outras obras de alumínio, próprias para construções, incluídas as persianas;REVOGADO;Portaria SRE-18/22;2022-04-01
XVII;Materiais de construção e congêneres;72;10.074.00;8302.41.00;83024100;Outras guarnições, ferragens e artigos semelhantes de metais comuns, para construções, inclusive puxadores.;VIGENTE;;
XVII;Materiais de construção e congêneres;73;10.075.00;8301;8301;"Fechaduras e ferrolhos (de chave, de segredo ou elétricos), de metais comuns, incluídas as suas partes fechos e armações com fecho, com fechadura, de metais comuns chaves para estes artigos, de metais comuns; exceto os de uso automotivo";VIGENTE;;
XVII;Materiais de construção e congêneres;74;10.076.00;8302.10.00;83021000;Dobradiças de metais comuns, de qualquer tipo;VIGENTE;;
XVII;Materiais de construção e congêneres;75;10.077.00;8307;8307;Tubos flexíveis de metais comuns, mesmo com acessórios, para uso na construção;VIGENTE;;
XVII;Materiais de construção e congêneres;76;10.078.00;8311;8311;Fios, varetas, tubos, chapas, eletrodos e artefatos semelhantes, de metais comuns ou de carbonetos metálicos, revestidos exterior ou interiormente de decapantes ou de fundentes, para soldagem (soldadura) ou depósito de metal ou de carbonetos metálicos fios e varetas de pós de metais comuns aglomerados, para metalização por projeção;VIGENTE;;
XVII;Materiais de construção e congêneres;77;10.079.00;8481;8481;Torneiras, válvulas (incluídas as redutoras de pressão e as termostáticas) e dispositivos semelhantes, para canalizações, caldeiras, reservatórios, cubas e outros recipientes;VIGENTE;;
XVII;Materiais de construção e congêneres;78;10.080.00;7009;7009;Espelhos de vidro, mesmo emoldurados, exceto os de uso automotivo;REVOGADO;Portaria SRE-64/25;2026-01-01
XVIII;Ferramentas;1;08.001.00;4016.99.90;40169990;Ferramentas de borracha vulcanizada não endurecida;REVOGADO;Portaria SRE-34/26;2026-10-01
XVIII;Ferramentas;2;08.002.00;4417.00.10;44170010;Ferramentas, armações e cabos de ferramentas, de madeira;REVOGADO;Portaria SRE-34/26;2026-10-01
XVIII;Ferramentas;2;08.002.00;4417.00.90;44170090;Ferramentas, armações e cabos de ferramentas, de madeira;REVOGADO;Portaria SRE-34/26;2026-10-01
XVIII;Ferramentas;3;08.003.00;6804;6804;"Mós e artefatos semelhantes, sem armação, para moer, desfibrar, triturar, amolar, polir, retificar ou cortar; pedras para amolar ou para polir, manualmente, e suas partes, de pedras naturais, de abrasivos naturais ou artificiais aglomerados ou de cerâmica, mesmo com partes de outras matérias";REVOGADO;Portaria SRE-34/26;2026-10-01
XVIII;Ferramentas;4;08.004.00;8201;8201;"Pás, alviões, picaretas, enxadas, sachos, forcados e forquilhas, ancinhos e raspadeiras; machados, podões e ferramentas semelhantes com gume; tesouras de podar de todos os tipos; foices e foicinhas, facas para feno ou para palha, tesouras para sebes, cunhas e outras ferramentas manuais para agricultura, horticultura ou silvicultura";REVOGADO;Portaria SRE-34/26;2026-10-01
XVIII;Ferramentas;5;08.007.00;8202;8202;Serras manuais e outras folhas de serras (incluídas as fresas-serras e as folhas não dentadas para serrar), exceto as classificadas nos CEST 08.005.00 e 08.006.00;REVOGADO;Portaria SRE-34/26;2026-10-01
XVIII;Ferramentas;6;08.008.00;8203;8203;Limas, grosas, alicates (mesmo cortantes), tenazes, pinças, cisalhas para metais, corta-tubos, corta-pinos, saca-bocados e ferramentas semelhantes, manuais, exceto as pinças para sobrancelhas classificadas na posição 8203.20.90;REVOGADO;Portaria SRE-34/26;2026-10-01
XVIII;Ferramentas;7;08.009.00;8204;8204;"Chaves de porcas, manuais (incluídas as chaves dinamométricas); chaves de caixa intercambiáveis, mesmo com cabos";REVOGADO;Portaria SRE-34/26;2026-10-01
XVIII;Ferramentas;8;08.010.00;8205;8205;"Ferramentas manuais (incluídos os diamantes de vidraceiro) não especificadas nem compreendidas em outras posições, lamparinas ou lâmpadas de soldar (maçaricos) e semelhantes; tornos de apertar, sargentos e semelhantes, exceto os acessórios ou partes de máquinas-ferramentas; bigornas; forjas-portáteis; mós com armação, manuais ou de pedal";REVOGADO;Portaria SRE-34/26;2026-10-01
XVIII;Ferramentas;9;08.011.00;8206.00.00;82060000;Ferramentas de pelo menos duas das posições 8202 a 8205, acondicionadas em sortidos para venda a retalho;REVOGADO;Portaria SRE-34/26;2026-10-01
XVIII;Ferramentas;10;08.013.00;8207;8207;Outras ferramentas intercambiáveis para ferramentas manuais, mesmo mecânicas, ou para máquinas-ferramentas (por exemplo, de embutir, estampar, puncionar, furar, tornear, aparafusar), incluídas as fieiras de estiragem ou de extrusão, para metais, e as ferramentas de perfuração ou de sondagem, exceto forma ou gabarito de produtos em epoxy e as classificadas no CEST 08.012.00;REVOGADO;Portaria SRE-34/26;2026-10-01
XVIII;Ferramentas;11;08.014.00;8208;8208;Facas e lâminas cortantes, para máquinas ou para aparelhos mecânicos;REVOGADO;Portaria SRE-34/26;2026-10-01
XVIII;Ferramentas;12;08.016.00;8209.00;820900;Outras plaquetas, varetas, pontas e objetos semelhantes para ferramentas, não montados, de ceramais (“cermets”), exceto as classificadas no CEST 08.015.00;REVOGADO;Portaria SRE-34/26;2026-10-01
XVIII;Ferramentas;13;08.017.00;8211;8211;Facas de lâmina cortante ou serrilhada, incluídas as podadeiras de lâmina móvel, e suas lâminas, exceto as de uso doméstico;REVOGADO;Portaria SRE-34/26;2026-10-01
XVIII;Ferramentas;14;08.018.00;8213;8213;Tesouras e suas lâminas;REVOGADO;Portaria SRE-34/26;2026-10-01
XVIII;Ferramentas;15;08.019.00;8467;8467;Ferramentas pneumáticas, hidráulicas ou com motor (elétrico ou não elétrico) incorporado, de uso manual, exceto o descrito no CEST 08.019.01;REVOGADO;Portaria SRE-34/26;2026-10-01
XVIII;Ferramentas;16;08.020.00;9015;9015;"Instrumentos e aparelhos de geodesia, topografia, agrimensura, nivelamento, fotogrametria, hidrografia, oceanografia, hidrologia, meteorologia ou de geofísica, exceto bussolas; telêmetros";REVOGADO;Portaria SRE-34/26;2026-10-01
XVIII;Ferramentas;17;08.021.00;9017.20.00;90172000;"Instrumentos de desenho, de traçado ou de cálculo; metros, micrômetros, paquímetros, calibres e semelhantes; partes e acessórios";REVOGADO;Portaria SRE-34/26;2026-10-01
XVIII;Ferramentas;17;08.021.00;9017.30;901730;"Instrumentos de desenho, de traçado ou de cálculo; metros, micrômetros, paquímetros, calibres e semelhantes; partes e acessórios";REVOGADO;Portaria SRE-34/26;2026-10-01
XVIII;Ferramentas;17;08.021.00;9017.80;901780;"Instrumentos de desenho, de traçado ou de cálculo; metros, micrômetros, paquímetros, calibres e semelhantes; partes e acessórios";REVOGADO;Portaria SRE-34/26;2026-10-01
XVIII;Ferramentas;17;08.021.00;9017.90.90;90179090;"Instrumentos de desenho, de traçado ou de cálculo; metros, micrômetros, paquímetros, calibres e semelhantes; partes e acessórios";REVOGADO;Portaria SRE-34/26;2026-10-01
XVIII;Ferramentas;18;08.022.00;9025.11.90;90251190;Termômetros, suas partes e acessórios;REVOGADO;Portaria SRE-34/26;2026-10-01
XVIII;Ferramentas;18;08.022.00;9025.90.10;90259010;Termômetros, suas partes e acessórios;REVOGADO;Portaria SRE-34/26;2026-10-01
XVIII;Ferramentas;19;08.023.00;9025.19;902519;Pirômetros, suas partes e acessórios;REVOGADO;Portaria SRE-34/26;2026-10-01
XVIII;Ferramentas;19;08.023.00;9025.90.90;90259090;Pirômetros, suas partes e acessórios;REVOGADO;Portaria SRE-34/26;2026-10-01
XIX;Produtos de papelaria e papel;1;19.001.00;3213.10.00;32131000;Tinta guache;REVOGADO;Portaria SRE-09/26;2026-07-01
XIX;Produtos de papelaria e papel;2;19.002.00;3916.20.00;39162000;Espiral - perfil para encadernação, de plástico e outros materiais classificados nas posições 3901 a 3914;REVOGADO;Portaria SRE-09/26;2026-07-01
XIX;Produtos de papelaria e papel;3;19.003.00;3916.10.00;39161000;Outros espirais - perfil para encadernação, de plástico e outros materiais classificados nas posições 3901 a 3914;REVOGADO;Portaria SRE-09/26;2026-07-01
XIX;Produtos de papelaria e papel;3;19.003.00;3916.90;391690;Outros espirais - perfil para encadernação, de plástico e outros materiais classificados nas posições 3901 a 3914;REVOGADO;Portaria SRE-09/26;2026-07-01
XIX;Produtos de papelaria e papel;4;19.004.00;3926.10.00;39261000;Artigos de escritório e artigos escolares de plástico e outros materiais classificados nas posições 3901 a 3914, exceto estojos;REVOGADO;Portaria SRE-09/26;2026-07-01
XIX;Produtos de papelaria e papel;5;19.005.00;4202.1;42021;Maletas e pastas para documentos e de estudante, e artefatos semelhantes;REVOGADO;Portaria SRE-09/26;2026-07-01
XIX;Produtos de papelaria e papel;5;19.005.00;4202.9;42029;Maletas e pastas para documentos e de estudante, e artefatos semelhantes;REVOGADO;Portaria SRE-09/26;2026-07-01
XIX;Produtos de papelaria e papel;6;19.005.01;4202.1;42021;Baús, malas e maletas para viagem;REVOGADO;Portaria SRE-09/26;2026-07-01
XIX;Produtos de papelaria e papel;6;19.005.01;4202.9;42029;Baús, malas e maletas para viagem;REVOGADO;Portaria SRE-09/26;2026-07-01
XIX;Produtos de papelaria e papel;7;19.006.00;3926.90.90;39269090;Prancheta de plástico;REVOGADO;Portaria SRE-09/26;2026-07-01
XIX;Produtos de papelaria e papel;8;19.007.00;4802.20.90;48022090;Bobina para fax;REVOGADO;Portaria SRE-09/26;2026-07-01
XIX;Produtos de papelaria e papel;8;19.007.00;4811.90.90;48119090;Bobina para fax;REVOGADO;Portaria SRE-09/26;2026-07-01
XIX;Produtos de papelaria e papel;9;19.008.00;4802.54.9;4802549;Papel seda;REVOGADO;Portaria SRE-09/26;2026-07-01
XIX;Produtos de papelaria e papel;10;19.009.00;4802.54.99;48025499;Bobina para máquina de calcular, PDV ou equipamentos similares;REVOGADO;Portaria SRE-09/26;2026-07-01
XIX;Produtos de papelaria e papel;10;19.009.00;4802.57.99;48025799;Bobina para máquina de calcular, PDV ou equipamentos similares;REVOGADO;Portaria SRE-09/26;2026-07-01
XIX;Produtos de papelaria e papel;10;19.009.00;4816.20.00;48162000;Bobina para máquina de calcular, PDV ou equipamentos similares;REVOGADO;Portaria SRE-09/26;2026-07-01
XIX;Produtos de papelaria e papel;11;19.010.00;4802.56.9;4802569;"Cartolina escolar e papel cartão, brancos e coloridos, cortados em folhas em que um lado seja inferior ou igual a 500 mm e o outro inferior ou igual a 700 mm, quando não dobradas, e peso igual ou superior a 120g/m²; recados autoadesivos (LP note); papéis de presente; todos cortados em tamanho pronto para uso escolar e doméstico";REVOGADO;Portaria SRE-09/26;2026-07-01
XIX;Produtos de papelaria e papel;11;19.010.00;4802.57.9;4802579;"Cartolina escolar e papel cartão, brancos e coloridos, cortados em folhas em que um lado seja inferior ou igual a 500 mm e o outro inferior ou igual a 700 mm, quando não dobradas, e peso igual ou superior a 120g/m²; recados autoadesivos (LP note); papéis de presente; todos cortados em tamanho pronto para uso escolar e doméstico";REVOGADO;Portaria SRE-09/26;2026-07-01
XIX;Produtos de papelaria e papel;11;19.010.00;4802.58.9;4802589;"Cartolina escolar e papel cartão, brancos e coloridos, cortados em folhas em que um lado seja inferior ou igual a 500 mm e o outro inferior ou igual a 700 mm, quando não dobradas, e peso igual ou superior a 120g/m²; recados autoadesivos (LP note); papéis de presente; todos cortados em tamanho pronto para uso escolar e doméstico";REVOGADO;Portaria SRE-09/26;2026-07-01
XIX;Produtos de papelaria e papel;12;19.011.00;3703.10.10;37031010;Papel fotográfico, exceto: (i) os papéis fotográficos emulsionados com haleto de prata tipo brilhante, matte ou lustre, em rolo e, com largura igual ou superior a 102 mm e comprimento inferior ou igual a 350 m, (ii) os papéis fotográficos emulsionados com haleto de prata tipo brilhante ou fosco, em folha e com largura igual ou superior a 152 mm e comprimento inferior ou igual a 307 mm, (iii) papel de qualidade fotográfica com tecnologia “Thermo-autochrome”, que submetido a um processo de aquecimento seja capaz de formar imagens por reação química e combinação das camadas cyan, magenta e amarela;REVOGADO;Portaria SRE-09/26;2026-07-01
XIX;Produtos de papelaria e papel;12;19.011.00;3703.10.29;37031029;Papel fotográfico, exceto: (i) os papéis fotográficos emulsionados com haleto de prata tipo brilhante, matte ou lustre, em rolo e, com largura igual ou superior a 102 mm e comprimento inferior ou igual a 350 m, (ii) os papéis fotográficos emulsionados com haleto de prata tipo brilhante ou fosco, em folha e com largura igual ou superior a 152 mm e comprimento inferior ou igual a 307 mm, (iii) papel de qualidade fotográfica com tecnologia “Thermo-autochrome”, que submetido a um processo de aquecimento seja capaz de formar imagens por reação química e combinação das camadas cyan, magenta e amarela;REVOGADO;Portaria SRE-09/26;2026-07-01
XIX;Produtos de papelaria e papel;12;19.011.00;3703.20.00;37032000;Papel fotográfico, exceto: (i) os papéis fotográficos emulsionados com haleto de prata tipo brilhante, matte ou lustre, em rolo e, com largura igual ou superior a 102 mm e comprimento inferior ou igual a 350 m, (ii) os papéis fotográficos emulsionados com haleto de prata tipo brilhante ou fosco, em folha e com largura igual ou superior a 152 mm e comprimento inferior ou igual a 307 mm, (iii) papel de qualidade fotográfica com tecnologia “Thermo-autochrome”, que submetido a um processo de aquecimento seja capaz de formar imagens por reação química e combinação das camadas cyan, magenta e amarela;REVOGADO;Portaria SRE-09/26;2026-07-01
XIX;Produtos de papelaria e papel;12;19.011.00;3703.90.10;37039010;Papel fotográfico, exceto: (i) os papéis fotográficos emulsionados com haleto de prata tipo brilhante, matte ou lustre, em rolo e, com largura igual ou superior a 102 mm e comprimento inferior ou igual a 350 m, (ii) os papéis fotográficos emulsionados com haleto de prata tipo brilhante ou fosco, em folha e com largura igual ou superior a 152 mm e comprimento inferior ou igual a 307 mm, (iii) papel de qualidade fotográfica com tecnologia “Thermo-autochrome”, que submetido a um processo de aquecimento seja capaz de formar imagens por reação química e combinação das camadas cyan, magenta e amarela;REVOGADO;Portaria SRE-09/26;2026-07-01
XIX;Produtos de papelaria e papel;12;19.011.00;3704.00.00;37040000;Papel fotográfico, exceto: (i) os papéis fotográficos emulsionados com haleto de prata tipo brilhante, matte ou lustre, em rolo e, com largura igual ou superior a 102 mm e comprimento inferior ou igual a 350 m, (ii) os papéis fotográficos emulsionados com haleto de prata tipo brilhante ou fosco, em folha e com largura igual ou superior a 152 mm e comprimento inferior ou igual a 307 mm, (iii) papel de qualidade fotográfica com tecnologia “Thermo-autochrome”, que submetido a um processo de aquecimento seja capaz de formar imagens por reação química e combinação das camadas cyan, magenta e amarela;REVOGADO;Portaria SRE-09/26;2026-07-01
XIX;Produtos de papelaria e papel;12;19.011.00;4802.20.00;48022000;Papel fotográfico, exceto: (i) os papéis fotográficos emulsionados com haleto de prata tipo brilhante, matte ou lustre, em rolo e, com largura igual ou superior a 102 mm e comprimento inferior ou igual a 350 m, (ii) os papéis fotográficos emulsionados com haleto de prata tipo brilhante ou fosco, em folha e com largura igual ou superior a 152 mm e comprimento inferior ou igual a 307 mm, (iii) papel de qualidade fotográfica com tecnologia “Thermo-autochrome”, que submetido a um processo de aquecimento seja capaz de formar imagens por reação química e combinação das camadas cyan, magenta e amarela;REVOGADO;Portaria SRE-09/26;2026-07-01
XIX;Produtos de papelaria e papel;13;19.012.00;4810.13.90;48101390;Papel almaço;REVOGADO;Portaria SRE-09/26;2026-07-01
XIX;Produtos de papelaria e papel;14;19.013.00;4816.90.10;48169010;Papel hectográfico;REVOGADO;Portaria SRE-09/26;2026-07-01
XIX;Produtos de papelaria e papel;15;19.014.00;3920.20.19;39202019;Papel celofane e tipo celofane;REVOGADO;Portaria SRE-09/26;2026-07-01
XIX;Produtos de papelaria e papel;16;19.015.00;4806.20.00;48062000;Papel impermeável;REVOGADO;Portaria SRE-09/26;2026-07-01
XIX;Produtos de papelaria e papel;17;19.016.00;4808.10.00;48081000;Papel crepon;REVOGADO;Portaria SRE-09/26;2026-07-01
XIX;Produtos de papelaria e papel;18;19.017.00;4810.22.90;48102290;Papel fantasia;REVOGADO;Portaria SRE-09/26;2026-07-01
XIX;Produtos de papelaria e papel;19;19.018.00;4809;4809;Papel-carbono, papel autocopiativo (exceto os vendidos em rolos de diâmetro igual ou superior a 60 cm e os vendidos em folhas de formato igual ou superior a 60 cm de altura e igual ou superior a 90 cm de largura) e outros papéis para cópia ou duplicação (incluídos os papéis para estênceis ou para chapas ofsete), estênceis completos e chapas ofsete, de papel, em folhas, mesmo acondicionados em caixas;REVOGADO;Portaria SRE-09/26;2026-07-01
XIX;Produtos de papelaria e papel;19;19.018.00;4816;4816;Papel-carbono, papel autocopiativo (exceto os vendidos em rolos de diâmetro igual ou superior a 60 cm e os vendidos em folhas de formato igual ou superior a 60 cm de altura e igual ou superior a 90 cm de largura) e outros papéis para cópia ou duplicação (incluídos os papéis para estênceis ou para chapas ofsete), estênceis completos e chapas ofsete, de papel, em folhas, mesmo acondicionados em caixas;REVOGADO;Portaria SRE-09/26;2026-07-01
XIX;Produtos de papelaria e papel;20;19.019.00;4817;4817;Envelopes, aerogramas, bilhetes-postais não ilustrados e cartões para correspondência, de papel ou cartão, caixas, sacos e semelhantes, de papel ou cartão, contendo um sortido de artigos para correspondência;REVOGADO;Portaria SRE-09/26;2026-07-01
XIX;Produtos de papelaria e papel;21;19.020.00;4820.10.00;48201000;Livros de registro e de contabilidade, blocos de notas, de encomendas, de recibos, de apontamentos, de papel para cartas, agendas e artigos semelhantes;REVOGADO;Portaria SRE-09/26;2026-07-01
XIX;Produtos de papelaria e papel;22;19.021.00;4820.20.00;48202000;Cadernos;REVOGADO;Portaria SRE-09/26;2026-07-01
XIX;Produtos de papelaria e papel;23;19.022.00;4820.30.00;48203000;Classificadores, capas para encadernação (exceto as capas para livros) e capas de processos;REVOGADO;Portaria SRE-09/26;2026-07-01
XIX;Produtos de papelaria e papel;24;19.023.00;4820.40.00;48204000;Formulários em blocos tipo “manifold”, mesmo com folhas intercaladas de papel-carbono;REVOGADO;Portaria SRE-09/26;2026-07-01
XIX;Produtos de papelaria e papel;25;19.024.00;4820.50.00;48205000;Álbuns para amostras ou para coleções;REVOGADO;Portaria SRE-09/26;2026-07-01
XIX;Produtos de papelaria e papel;26;19.025.00;4820.90.00;48209000;Pastas para documentos, outros artigos escolares, de escritório ou de papelaria, de papel ou cartão e capas para livros, de papel ou cartão;REVOGADO;Portaria SRE-09/26;2026-07-01
XIX;Produtos de papelaria e papel;27;19.026.00;4909.00.00;49090000;Cartões postais impressos ou ilustrados, cartões impressos com votos ou mensagens pessoais, mesmo ilustrados, com ou sem envelopes, guarnições ou aplicações (conhecidos como cartões de expressão social - de época/sentimento);REVOGADO;Portaria SRE-09/26;2026-07-01
XIX;Produtos de papelaria e papel;28;19.027.00;9608.10.00;96081000;Canetas esferográficas;REVOGADO;Portaria SRE-09/26;2026-07-01
XIX;Produtos de papelaria e papel;29;19.028.00;9608.20.00;96082000;Canetas e marcadores, com ponta de feltro ou com outras pontas porosas;REVOGADO;Portaria SRE-09/26;2026-07-01
XIX;Produtos de papelaria e papel;30;19.029.00;9608.30.00;96083000;Canetas tinteiro;REVOGADO;Portaria SRE-09/26;2026-07-01
XIX;Produtos de papelaria e papel;31;19.030.00;9608;9608;"Outras canetas; sortidos de canetas";REVOGADO;Portaria SRE-09/26;2026-07-01
XIX;Produtos de papelaria e papel;32;19.031.00;4802.56;480256;Papel cortado “cutsize” (tipo A3, A4, ofício I e II, carta e outros);REVOGADO;Portaria SRE-09/26;2026-07-01
XIX;Produtos de papelaria e papel;33;19.032.00;5210.59.90;52105990;Papel camurça;REVOGADO;Portaria SRE-09/26;2026-07-01
XIX;Produtos de papelaria e papel;34;19.033.00;7607.11.90;76071190;Papel laminado e papel espelho;REVOGADO;Portaria SRE-09/26;2026-07-01
XX;Artefatos de uso doméstico;1;14.001.00;7013;7013;Objetos de vidro para serviço de mesa ou de cozinha;REVOGADO;Portaria SRE-64/25;2026-01-01
XX;Artefatos de uso doméstico;2;14.002.00;7013.37.00;70133700;Outros copos, exceto de vitrocerâmica;REVOGADO;Portaria SRE-64/25;2026-01-01
XX;Artefatos de uso doméstico;3;14.003.00;7013.42.90;70134290;Objetos para serviço de mesa (exceto copos) ou de cozinha, exceto de vitrocerâmica;REVOGADO;Portaria SRE-64/25;2026-01-01
XX;Artefatos de uso doméstico;4;14.006.00;3924.10.00;39241000;Serviços de mesa e outros utensílios de mesa ou de cozinha, de plástico, não descartáveis;REVOGADO;Portaria SRE-64/25;2026-01-01
XX;Artefatos de uso doméstico;5;14.006.01;3924.10.00;39241000;Serviços de mesa e outros utensílios de mesa ou de cozinha, de plástico, descartáveis;REVOGADO;Portaria SRE-64/25;2026-01-01
XX;Artefatos de uso doméstico;6;14.007.00;6911.10.10;69111010;Artigos para serviço de mesa ou de cozinha, de porcelana, inclusive os descartáveis - estojos;REVOGADO;Portaria SRE-64/25;2026-01-01
XX;Artefatos de uso doméstico;7;14.008.00;6911.10.90;69111090;Artigos para serviço de mesa ou de cozinha, de porcelana, inclusive os descartáveis - avulsos;REVOGADO;Portaria SRE-64/25;2026-01-01
XX;Artefatos de uso doméstico;8;14.009.00;6912.00.00;69120000;Artigos para serviço de mesa ou de cozinha, de cerâmica;REVOGADO;Portaria SRE-64/25;2026-01-01
XX;Artefatos de uso doméstico;9;14.010.00;6912.00.00;69120000;Velas para filtros;REVOGADO;Portaria SRE-64/25;2026-01-01
XX;Artefatos de uso doméstico;10;14.011.00;4823.20.9;4823209;Filtros descartáveis para coar café ou chá;REVOGADO;Portaria SRE-64/25;2026-01-01
XX;Artefatos de uso doméstico;11;14.012.00;4823.6;48236;Bandejas, travessas, pratos, xícaras ou chávenas, taças, copos e artigos semelhantes, de papel ou cartão;REVOGADO;Portaria SRE-64/25;2026-01-01
XXI;Materiais elétricos;1;12.001.00;8504;8504;"Transformadores, bobinas de reatância e de auto indução, inclusive os transformadores de potência superior a 16 KVA, classificados nas posições 8504.33.00 e 8504.34.00; exceto os demais transformadores da subposição 8504.3, os reatores para lâmpadas elétricas de descarga classificados no código 8504.10.00, os carregadores de acumuladores do código 8504.40.10, os equipamentos de alimentação ininterrupta de energia (UPS ou “no break”), no código 8504.40.40 e os de uso automotivo";REVOGADO;Portaria SRE-34/26;2026-10-01
XXI;Materiais elétricos;2;12.002.00;8516;8516;"Aquecedores elétricos de água, incluídos os de imersão, chuveiros ou duchas elétricos, torneiras elétricas, resistências de aquecimento, inclusive as de duchas e chuveiros elétricos e suas partes; exceto outros fornos, fogareiros (incluídas as chapas de cocção), grelhas e assadeiras, classificados na posição 8516.60.00";REVOGADO;Portaria SRE-34/26;2026-10-01
XXI;Materiais elétricos;3;12.003.00;8535;8535;Aparelhos para interrupção, seccionamento, proteção, derivação, ligação ou conexão de circuitos elétricos (por exemplo, interruptores, comutadores, corta-circuitos, para-raios, limitadores de tensão, eliminadores de onda, tomadas de corrente e outros conectores, caixas de junção), para tensão superior a 1.000V, exceto os de uso automotivo;REVOGADO;Portaria SRE-34/26;2026-10-01
XXI;Materiais elétricos;4;12.004.00;8536;8536;"Aparelhos para interrupção, seccionamento, proteção, derivação, ligação ou conexão de circuitos elétricos (por exemplo, interruptores, comutadores, relés, corta-circuitos, eliminadores de onda, plugues e tomadas de corrente, suportes para lâmpadas e outros conectores, caixas de junção), para uma tensão não superior a 1.000V; conectores para fibras ópticas, feixes ou cabos de fibras ópticas; exceto “starter” classificado na subposição 8536.50 e os de uso automotivo";REVOGADO;Portaria SRE-34/26;2026-10-01
XXI;Materiais elétricos;5;12.005.00;8538;8538;Partes reconhecíveis como exclusiva ou principalmente destinadas aos aparelhos das posições 8535 e 8536;REVOGADO;Portaria SRE-34/26;2026-10-01
XXI;Materiais elétricos;6;12.006.00;7413.00.00;74130000;Cabos, tranças e semelhantes, de cobre, não isolados para usos elétricos, exceto os de uso automotivo;REVOGADO;Portaria SRE-34/26;2026-10-01
XXI;Materiais elétricos;7;12.007.00;8544;8544;"Fios, cabos (incluídos os cabos coaxiais) e outros condutores, isolados ou não, para usos elétricos (incluídos os de cobre ou alumínio, envernizados ou oxidados anodicamente), mesmo com peças de conexão, inclusive fios e cabos elétricos, para tensão não superior a 1000V, para uso na construção; fios e cabos telefônicos e para transmissão de dados; cabos de fibras ópticas, constituídos de fibras embainhadas individualmente, mesmo com condutores elétricos ou munidos de peças de conexão; cordas, cabos, tranças e semelhantes, de alumínio, não isolados para uso elétricos; exceto os de uso automotivo";REVOGADO;Portaria SRE-34/26;2026-10-01
XXI;Materiais elétricos;7;12.007.00;7605;7605;"Fios, cabos (incluídos os cabos coaxiais) e outros condutores, isolados ou não, para usos elétricos (incluídos os de cobre ou alumínio, envernizados ou oxidados anodicamente), mesmo com peças de conexão, inclusive fios e cabos elétricos, para tensão não superior a 1000V, para uso na construção; fios e cabos telefônicos e para transmissão de dados; cabos de fibras ópticas, constituídos de fibras embainhadas individualmente, mesmo com condutores elétricos ou munidos de peças de conexão; cordas, cabos, tranças e semelhantes, de alumínio, não isolados para uso elétricos; exceto os de uso automotivo";REVOGADO;Portaria SRE-34/26;2026-10-01
XXI;Materiais elétricos;7;12.007.00;7614;7614;"Fios, cabos (incluídos os cabos coaxiais) e outros condutores, isolados ou não, para usos elétricos (incluídos os de cobre ou alumínio, envernizados ou oxidados anodicamente), mesmo com peças de conexão, inclusive fios e cabos elétricos, para tensão não superior a 1000V, para uso na construção; fios e cabos telefônicos e para transmissão de dados; cabos de fibras ópticas, constituídos de fibras embainhadas individualmente, mesmo com condutores elétricos ou munidos de peças de conexão; cordas, cabos, tranças e semelhantes, de alumínio, não isolados para uso elétricos; exceto os de uso automotivo";REVOGADO;Portaria SRE-34/26;2026-10-01
XXI;Materiais elétricos;8;12.008.00;8546;8546;Isoladores de qualquer matéria, para usos elétricos;REVOGADO;Portaria SRE-34/26;2026-10-01
XXI;Materiais elétricos;9;12.009.00;8547;8547;"Peças isolantes inteiramente de matérias isolantes, ou com simples peças metálicas de montagem (suportes roscados, por exemplo) incorporadas na massa, para máquinas, aparelhos e instalações elétricas; tubos isoladores e suas peças de ligação, de metais comuns, isolados interiormente";REVOGADO;Portaria SRE-34/26;2026-10-01
XXII;Produtos eletrônicos, eletroeletrônicos e eletrodomésticos;1;21.001.00;7321.11.00;73211100;Fogões de cozinha de uso doméstico e suas partes;VIGENTE;;
XXII;Produtos eletrônicos, eletroeletrônicos e eletrodomésticos;1;21.001.00;7321.81.00;73218100;Fogões de cozinha de uso doméstico e suas partes;VIGENTE;;
XXII;Produtos eletrônicos, eletroeletrônicos e eletrodomésticos;1;21.001.00;7321.90.00;73219000;Fogões de cozinha de uso doméstico e suas partes;VIGENTE;;
XXII;Produtos eletrônicos, eletroeletrônicos e eletrodomésticos;2;21.002.00;8418.10.00;84181000;Combinações de refrigeradores e congeladores (“freezers”), munidos de portas exteriores separadas;REVOGADO;Portaria SRE-34/26;2026-10-01
XXII;Produtos eletrônicos, eletroeletrônicos e eletrodomésticos;3;21.003.00;8418.21.00;84182100;Refrigeradores do tipo doméstico, de compressão;REVOGADO;Portaria SRE-34/26;2026-10-01
XXII;Produtos eletrônicos, eletroeletrônicos e eletrodomésticos;4;21.004.00;8418.29.00;84182900;Outros refrigeradores do tipo doméstico;REVOGADO;Portaria SRE-34/26;2026-10-01
XXII;Produtos eletrônicos, eletroeletrônicos e eletrodomésticos;5;21.005.00;8418.30.00;84183000;Congeladores (“freezers”) horizontais tipo arca, de capacidade não superior a 800 litros;REVOGADO;Portaria SRE-34/26;2026-10-01
XXII;Produtos eletrônicos, eletroeletrônicos e eletrodomésticos;6;21.006.00;8418.40.00;84184000;Congeladores (“freezers”) verticais tipo armário, de capacidade não superior a 900 litros;REVOGADO;Portaria SRE-34/26;2026-10-01
XXII;Produtos eletrônicos, eletroeletrônicos e eletrodomésticos;7;21.007.00;8418.50;841850;Outros móveis (arcas, armários, vitrines, balcões e móveis semelhantes) para a conservação e exposição de produtos, que incorporem um equipamento para a produção de frio;REVOGADO;Portaria SRE-34/26;2026-10-01
XXII;Produtos eletrônicos, eletroeletrônicos e eletrodomésticos;8;21.008.00;8418.69.9;8418699;Mini adega e similares;REVOGADO;Portaria SRE-34/26;2026-10-01
XXII;Produtos eletrônicos, eletroeletrônicos e eletrodomésticos;9;21.009.00;8418.69.99;84186999;Máquinas para produção de gelo;REVOGADO;Portaria SRE-34/26;2026-10-01
XXII;Produtos eletrônicos, eletroeletrônicos e eletrodomésticos;10;21.010.00;8418.99.00;84189900;Partes dos refrigeradores, congeladores, mini adegas e similares, máquinas para produção de gelo e bebedouros descritos nos CEST 21.002.00, 21.003.00, 21.004.00, 21.005.00, 21.006.00, 21.007.00, 21.008.00, 21.009.00 e 21.013.00;REVOGADO;Portaria SRE-34/26;2026-10-01
XXII;Produtos eletrônicos, eletroeletrônicos e eletrodomésticos;11;21.011.00;8421.12;842112;Secadoras de roupa de uso doméstico;REVOGADO;Portaria SRE-19/26;2026-08-01
XXII;Produtos eletrônicos, eletroeletrônicos e eletrodomésticos;12;21.012.00;8421.19.90;84211990;Outras secadoras de roupas e centrífugas de uso doméstico;REVOGADO;Portaria SRE-19/26;2026-08-01
XXII;Produtos eletrônicos, eletroeletrônicos e eletrodomésticos;13;21.013.00;8418.69.31;84186931;Bebedouros refrigerados para água;REVOGADO;Portaria SRE-19/26;2026-08-01
XXII;Produtos eletrônicos, eletroeletrônicos e eletrodomésticos;14;21.014.00;8421.9;84219;Partes das secadoras de roupas e centrífugas de uso doméstico e dos aparelhos para filtrar ou depurar água, descritos nos CEST 21.011.00 e 21.012.00 e 21.098.00;REVOGADO;Portaria SRE-19/26;2026-08-01
XXII;Produtos eletrônicos, eletroeletrônicos e eletrodomésticos;15;21.015.00;8422.11.00;84221100;Máquinas de lavar louça do tipo doméstico e suas partes;REVOGADO;Portaria SRE-34/26;2026-10-01
XXII;Produtos eletrônicos, eletroeletrônicos e eletrodomésticos;15;21.015.00;8422.90.10;84229010;Máquinas de lavar louça do tipo doméstico e suas partes;REVOGADO;Portaria SRE-34/26;2026-10-01
XXII;Produtos eletrônicos, eletroeletrônicos e eletrodomésticos;16;21.016.00;8443.31;844331;Máquinas que executem pelo menos duas das seguintes funções: impressão, cópia ou transmissão de telecópia (fax), capazes de ser conectadas a uma máquina automática para processamento de dados ou a uma rede;VIGENTE;;
XXII;Produtos eletrônicos, eletroeletrônicos e eletrodomésticos;17;21.017.00;8443.32;844332;Outras impressoras, máquinas copiadoras e telecopiadores (fax), mesmo combinados entre si, capazes de ser conectados a uma máquina automática para processamento de dados ou a uma rede;VIGENTE;;
XXII;Produtos eletrônicos, eletroeletrônicos e eletrodomésticos;18;21.018.00;8443.9;84439;"Partes e acessórios de máquinas e aparelhos de impressão por meio de blocos, cilindros e outros elementos de impressão da posição 8442; e de outras impressoras, máquinas copiadoras e telecopiadores (fax), mesmo combinados entre si";VIGENTE;;
XXII;Produtos eletrônicos, eletroeletrônicos e eletrodomésticos;19;21.019.00;8450.11.00;84501100;Máquinas de lavar roupa, mesmo com dispositivos de secagem, de uso doméstico, de capacidade não superior a 10 kg, em peso de roupa seca, inteiramente automáticas;REVOGADO;Portaria SRE-19/26;2026-08-01
XXII;Produtos eletrônicos, eletroeletrônicos e eletrodomésticos;20;21.020.00;8450.12.00;84501200;Outras máquinas de lavar roupa, mesmo com dispositivos de secagem, de uso doméstico, com secador centrífugo incorporado;REVOGADO;Portaria SRE-19/26;2026-08-01
XXII;Produtos eletrônicos, eletroeletrônicos e eletrodomésticos;21;21.021.00;8450.19.00;84501900;Outras máquinas de lavar roupa, mesmo com dispositivos de secagem, de uso doméstico;REVOGADO;Portaria SRE-19/26;2026-08-01
XXII;Produtos eletrônicos, eletroeletrônicos e eletrodomésticos;22;21.022.00;8450.20;845020;Máquinas de lavar roupa, mesmo com dispositivos de secagem, de uso doméstico, de capacidade superior a 10 kg, em peso de roupa seca;REVOGADO;Portaria SRE-19/26;2026-08-01
XXII;Produtos eletrônicos, eletroeletrônicos e eletrodomésticos;23;21.023.00;8450.90;845090;Partes de máquinas de lavar roupa, mesmo com dispositivos de secagem, de uso doméstico;VIGENTE;;
XXII;Produtos eletrônicos, eletroeletrônicos e eletrodomésticos;24;21.024.00;8451.21.00;84512100;Máquinas de secar de uso doméstico de capacidade não superior a 10 kg, em peso de roupa seca;REVOGADO;Portaria SRE-19/26;2026-08-01
XXII;Produtos eletrônicos, eletroeletrônicos e eletrodomésticos;25;21.025.00;8451.29.90;84512990;Outras máquinas de secar de uso doméstico;REVOGADO;Portaria SRE-19/26;2026-08-01
XXII;Produtos eletrônicos, eletroeletrônicos e eletrodomésticos;26;21.026.00;8451.90;845190;Partes de máquinas de secar de uso doméstico;REVOGADO;Portaria SRE-19/26;2026-08-01
XXII;Produtos eletrônicos, eletroeletrônicos e eletrodomésticos;27;21.027.00;8452.10.00;84521000;Máquinas de costura de uso doméstico;REVOGADO;Portaria SRE-19/26;2026-08-01
XXII;Produtos eletrônicos, eletroeletrônicos e eletrodomésticos;28;21.028.00;8471.30;847130;Máquinas automáticas para processamento de dados, portáteis, de peso não superior a 10 kg, contendo pelo menos uma unidade central de processamento, um teclado e uma tela;VIGENTE;;
XXII;Produtos eletrônicos, eletroeletrônicos e eletrodomésticos;29;21.029.00;8471.4;84714;Outras máquinas automáticas para processamento de dados;VIGENTE;;
XXII;Produtos eletrônicos, eletroeletrônicos e eletrodomésticos;30;21.030.00;8471.50.10;84715010;"Unidades de processamento, de pequena capacidade, exceto as das subposições 8471.41 ou 8471.49, podendo conter, no mesmo corpo, um ou dois dos seguintes tipos de unidades: unidade de memória, unidade de entrada e unidade de saída; baseadas em microprocessadores, com capacidade de instalação, dentro do mesmo gabinete, de unidades de memória da subposição 8471.70, podendo conter múltiplos conectores de expansão (“slots”), e valor FOB inferior ou igual a US$ 12.500,00, por unidade";VIGENTE;;
XXII;Produtos eletrônicos, eletroeletrônicos e eletrodomésticos;31;21.031.00;8471.60.5;8471605;Unidades de entrada, exceto as classificadas no código 8471.60.54;VIGENTE;;
XXII;Produtos eletrônicos, eletroeletrônicos e eletrodomésticos;32;21.032.00;8471.60.90;84716090;Outras unidades de entrada ou de saída, podendo conter, no mesmo corpo, unidades de memória;VIGENTE;;
XXII;Produtos eletrônicos, eletroeletrônicos e eletrodomésticos;33;21.033.00;8471.70;847170;Unidades de memória;VIGENTE;;
XXII;Produtos eletrônicos, eletroeletrônicos e eletrodomésticos;34;21.034.00;8471.90;847190;"Outras máquinas automáticas para processamento de dados e suas unidades; leitores magnéticos ou ópticos, máquinas para registrar dados em suporte sob forma codificada, e máquinas para processamento desses dados, não especificadas nem compreendidas em outras posições";VIGENTE;;
XXII;Produtos eletrônicos, eletroeletrônicos e eletrodomésticos;35;21.035.00;8473.30;847330;Partes e acessórios das máquinas da posição 84.71;VIGENTE;;
XXII;Produtos eletrônicos, eletroeletrônicos e eletrodomésticos;36;21.036.00;8504.3;85043;Outros transformadores, exceto os classificados nos códigos 8504.33.00 e 8504.34.00;VIGENTE;;
XXII;Produtos eletrônicos, eletroeletrônicos e eletrodomésticos;37;21.037.00;8504.40.10;85044010;Carregadores de acumuladores;VIGENTE;;
XXII;Produtos eletrônicos, eletroeletrônicos e eletrodomésticos;38;21.038.00;8504.40.40;85044040;Equipamentos de alimentação ininterrupta de energia (UPS ou “no break”);VIGENTE;;
XXII;Produtos eletrônicos, eletroeletrônicos e eletrodomésticos;39;21.040.00;8508;8508;Aspiradores;REVOGADO;Portaria SRE-19/26;2026-08-01
XXII;Produtos eletrônicos, eletroeletrônicos e eletrodomésticos;40;21.041.00;8509;8509;Aparelhos eletromecânicos de motor elétrico incorporado, de uso doméstico e suas partes;REVOGADO;Portaria SRE-19/26;2026-08-01
XXII;Produtos eletrônicos, eletroeletrônicos e eletrodomésticos;41;21.042.00;8509.80.10;85098010;Enceradeiras;REVOGADO;Portaria SRE-19/26;2026-08-01
XXII;Produtos eletrônicos, eletroeletrônicos e eletrodomésticos;42;21.043.00;8516.10.00;85161000;Chaleiras elétricas;REVOGADO;Portaria SRE-19/26;2026-08-01
XXII;Produtos eletrônicos, eletroeletrônicos e eletrodomésticos;43;21.044.00;8516.40.00;85164000;Ferros elétricos de passar;REVOGADO;Portaria SRE-19/26;2026-08-01
XXII;Produtos eletrônicos, eletroeletrônicos e eletrodomésticos;44;21.045.00;8516.50.00;85165000;Fornos de micro-ondas;VIGENTE;;
XXII;Produtos eletrônicos, eletroeletrônicos e eletrodomésticos;45;21.046.00;8516.60.00;85166000;"Outros fornos; fogareiros (incluídas as chapas de cocção), grelhas e assadeiras, exceto os portáteis";REVOGADO;Portaria SRE-19/26;2026-08-01
XXII;Produtos eletrônicos, eletroeletrônicos e eletrodomésticos;46;21.047.00;8516.60.00;85166000;"Outros fornos; fogareiros (incluídas as chapas de cocção), grelhas e assadeiras, portáteis";REVOGADO;Portaria SRE-19/26;2026-08-01
XXII;Produtos eletrônicos, eletroeletrônicos e eletrodomésticos;47;21.048.00;8516.71.00;85167100;Outros aparelhos eletrotérmicos de uso doméstico - Cafeteiras;REVOGADO;Portaria SRE-19/26;2026-08-01
XXII;Produtos eletrônicos, eletroeletrônicos e eletrodomésticos;48;21.049.00;8516.72.00;85167200;Outros aparelhos eletrotérmicos de uso doméstico - Torradeiras;REVOGADO;Portaria SRE-19/26;2026-08-01
XXII;Produtos eletrônicos, eletroeletrônicos e eletrodomésticos;49;21.050.00;8516.79;851679;Outros aparelhos eletrotérmicos de uso doméstico;REVOGADO;Portaria SRE-19/26;2026-08-01
XXII;Produtos eletrônicos, eletroeletrônicos e eletrodomésticos;50;21.051.00;8516.90.00;85169000;Partes das chaleiras, ferros, fornos e outros aparelhos eletrotérmicos da posição 85.16, descritos nos CEST 21.043.00, 21.044.00, 21.045.00, 21.046.00, 21.047.00, 21.048.00, 21.049.00 e 21.050.00;REVOGADO;Portaria SRE-19/26;2026-08-01
XXII;Produtos eletrônicos, eletroeletrônicos e eletrodomésticos;51;21.052.00;8517.11.00;85171100;Aparelhos telefônicos por fio com unidade auscultador - microfone sem fio;VIGENTE;;
XXII;Produtos eletrônicos, eletroeletrônicos e eletrodomésticos;52;21.053.00;8517.13.00;85171300;Telefones inteligentes (“smartphones”) e para redes celulares, excetos por satélite, os de uso automotivo e os classificados nos CEST 21.053.01;VIGENTE;;
XXII;Produtos eletrônicos, eletroeletrônicos e eletrodomésticos;52;21.053.00;8517.14.3;8517143;Telefones inteligentes (“smartphones”) e para redes celulares, excetos por satélite, os de uso automotivo e os classificados nos CEST 21.053.01;VIGENTE;;
XXII;Produtos eletrônicos, eletroeletrônicos e eletrodomésticos;52;21.053.00;8517.12.3;8517123;Telefones para redes celulares, exceto por satélite, os de uso automotivo e os classificados no CEST 21.053.01;VIGENTE;;
XXII;Produtos eletrônicos, eletroeletrônicos e eletrodomésticos;53;21.053.01;8517.13.00;85171300;Telefones inteligentes (“smartphones”) e para redes celulares portáteis, excetos por satélite;VIGENTE;;
XXII;Produtos eletrônicos, eletroeletrônicos e eletrodomésticos;53;21.053.01;8517.14.31;85171431;Telefones inteligentes (“smartphones”) e para redes celulares portáteis, excetos por satélite;VIGENTE;;
XXII;Produtos eletrônicos, eletroeletrônicos e eletrodomésticos;53;21.053.01;8517.12.31;85171231;Telefones para redes celulares portáteis, exceto por satélite;VIGENTE;;
XXII;Produtos eletrônicos, eletroeletrônicos e eletrodomésticos;54;21.054.00;8517.14;851714;Outros telefones para outras redes sem fio, excetos os de uso automotivo e os classificados nos CEST 21.053.00 e 21.053.01;VIGENTE;;
XXII;Produtos eletrônicos, eletroeletrônicos e eletrodomésticos;54;21.054.00;8517.12;851712;Outros telefones para outras redes sem fio, exceto para redes de celulares e os de uso automotivo;VIGENTE;;
XXII;Produtos eletrônicos, eletroeletrônicos e eletrodomésticos;55;21.055.00;8517.18.30;85171830;Outros aparelhos telefônicos não combinados com outros aparelhos;VIGENTE;;
XXII;Produtos eletrônicos, eletroeletrônicos e eletrodomésticos;55;21.055.00;8517.18.91;85171891;Outros aparelhos telefônicos não combinados com outros aparelhos;VIGENTE;;
XXII;Produtos eletrônicos, eletroeletrônicos e eletrodomésticos;56;21.055.01;8517.18.90;85171890;Outros aparelhos telefônicos;VIGENTE;;
XXII;Produtos eletrônicos, eletroeletrônicos e eletrodomésticos;56;21.055.01;8517.18.99;85171899;Outros aparelhos telefônicos;VIGENTE;;
XXII;Produtos eletrônicos, eletroeletrônicos e eletrodomésticos;57;21.056.00;8517.62.59;85176259;Outros aparelhos para transmissão ou recepção de voz, imagem ou outros dados em rede com fio;VIGENTE;;
XXII;Produtos eletrônicos, eletroeletrônicos e eletrodomésticos;57;21.056.00;8517.62.5;8517625;Aparelhos para transmissão ou recepção de voz, imagem ou outros dados em rede com fio, exceto os classificados nos códigos 8517.62.51, 8517.62.52 e 8517.62.53;VIGENTE;;
XXII;Produtos eletrônicos, eletroeletrônicos e eletrodomésticos;57.1;21.056.01;8517.62.54;85176254;"Distribuidores de conexão para rede (""hubs"") e moduladores/demuladores (""modens"")";VIGENTE;;
XXII;Produtos eletrônicos, eletroeletrônicos e eletrodomésticos;57.1;21.056.01;8517.62.55;85176255;"Distribuidores de conexão para rede (""hubs"") e moduladores/demuladores (""modens"")";VIGENTE;;
XXII;Produtos eletrônicos, eletroeletrônicos e eletrodomésticos;58;21.057.00;8518;8518;"Microfones e seus suportes; alto-falantes, mesmo montados nos seus receptáculos, fones de ouvido (auscultadores), mesmo combinados com microfone e conjuntos ou sortidos constituídos por um microfone e um ou mais alto-falantes, amplificadores elétricos de audiofrequência, aparelhos elétricos de amplificação de som; suas partes e acessórios; exceto os de uso automotivo";VIGENTE;;
XXII;Produtos eletrônicos, eletroeletrônicos e eletrodomésticos;59;21.058.00;8519;8519;"Aparelhos de radiodifusão suscetíveis de funcionarem sem fonte externa de energia. Aparelhos de gravação de som; aparelhos de reprodução de som; aparelhos de gravação e de reprodução de som; partes e acessórios; exceto os de uso automotivo";VIGENTE;;
XXII;Produtos eletrônicos, eletroeletrônicos e eletrodomésticos;59;21.058.00;8522;8522;"Aparelhos de radiodifusão suscetíveis de funcionarem sem fonte externa de energia. Aparelhos de gravação de som; aparelhos de reprodução de som; aparelhos de gravação e de reprodução de som; partes e acessórios; exceto os de uso automotivo";VIGENTE;;
XXII;Produtos eletrônicos, eletroeletrônicos e eletrodomésticos;59;21.058.00;8527.1;85271;"Aparelhos de radiodifusão suscetíveis de funcionarem sem fonte externa de energia. Aparelhos de gravação de som; aparelhos de reprodução de som; aparelhos de gravação e de reprodução de som; partes e acessórios; exceto os de uso automotivo";VIGENTE;;
XXII;Produtos eletrônicos, eletroeletrônicos e eletrodomésticos;60;21.059.00;8519.81.90;85198190;"Outros aparelhos de gravação de som; aparelhos de reprodução de som; aparelhos de gravação e de reprodução de som; partes e acessórios; exceto os de uso automotivo";VIGENTE;;
XXII;Produtos eletrônicos, eletroeletrônicos e eletrodomésticos;61;21.061.00;8521.90.90;85219090;Outros aparelhos videofônicos de gravação ou reprodução, mesmo incorporando um receptor de sinais videofônicos, exceto os de uso automotivo;VIGENTE;;
XXII;Produtos eletrônicos, eletroeletrônicos e eletrodomésticos;62;21.062.00;8523.51.10;85235110;"Cartões de memória (""memorycards"")";VIGENTE;;
XXII;Produtos eletrônicos, eletroeletrônicos e eletrodomésticos;63;21.063.00;8523.52;852352;"Cartões inteligentes (""smartcards""), exceto o item classificado no CEST 21.064.00";VIGENTE;;
XXII;Produtos eletrônicos, eletroeletrônicos e eletrodomésticos;63;21.063.00;8523.52.00;85235200;"Cartões inteligentes (""smartcards""), exceto o item classificado no CEST 21.064.00";VIGENTE;;
XXII;Produtos eletrônicos, eletroeletrônicos e eletrodomésticos;64;21.064.00;8523.52;852352;"Cartões inteligentes (""sim cards"")";VIGENTE;;
XXII;Produtos eletrônicos, eletroeletrônicos e eletrodomésticos;64;21.064.00;8523.52.00;85235200;"Cartões inteligentes (""sim cards"")";VIGENTE;;
XXII;Produtos eletrônicos, eletroeletrônicos e eletrodomésticos;65;21.065.00;8525.89.2;8525892;Câmeras fotográficas digitais e câmeras de vídeo;VIGENTE;;
XXII;Produtos eletrônicos, eletroeletrônicos e eletrodomésticos;65;21.065.00;8525.80.2;8525802;Câmeras fotográficas digitais e câmeras de vídeo e suas partes;VIGENTE;;
XXII;Produtos eletrônicos, eletroeletrônicos e eletrodomésticos;66;21.066.00;8527.9;85279;Outros aparelhos receptores para radiodifusão, mesmo combinados num invólucro, com um aparelho de gravação ou de reprodução de som, ou com um relógio, inclusive caixa acústica para Home Theaters classificados na posição 8518;VIGENTE;;
XXII;Produtos eletrônicos, eletroeletrônicos e eletrodomésticos;67;21.067.00;8528.49.90;85284990;Monitores e projetores que não incorporem aparelhos receptores de televisão, policromáticos;VIGENTE;;
XXII;Produtos eletrônicos, eletroeletrônicos e eletrodomésticos;67;21.067.00;8528.59.00;85285900;Monitores e projetores que não incorporem aparelhos receptores de televisão, policromáticos;VIGENTE;;
XXII;Produtos eletrônicos, eletroeletrônicos e eletrodomésticos;67;21.067.00;8528.69;852869;Monitores e projetores que não incorporem aparelhos receptores de televisão, policromáticos;VIGENTE;;
XXII;Produtos eletrônicos, eletroeletrônicos e eletrodomésticos;67;21.067.00;8528.49.29;85284929;Monitores e projetores que não incorporem aparelhos receptores de televisão, policromáticos;VIGENTE;;
XXII;Produtos eletrônicos, eletroeletrônicos e eletrodomésticos;67;21.067.00;8528.59.20;85285920;Monitores e projetores que não incorporem aparelhos receptores de televisão, policromáticos;VIGENTE;;
XXII;Produtos eletrônicos, eletroeletrônicos e eletrodomésticos;67;21.067.00;8528.69;852869;Monitores e projetores que não incorporem aparelhos receptores de televisão, policromáticos;VIGENTE;;
XXII;Produtos eletrônicos, eletroeletrônicos e eletrodomésticos;68;21.067.01;8528.62.00;85286200;Projetores capazes de serem conectados diretamente a uma máquina automática para processamento de dados da posição 84.71 e concebidos para serem utilizados com esta máquina;VIGENTE;;
XXII;Produtos eletrônicos, eletroeletrônicos e eletrodomésticos;69;21.068.00;8528.52.00;85285200;Outros monitores capazes de serem conectados diretamente a uma máquina automática para processamento de dados da posição 84.71 e concebidos para serem utilizados com esta máquina, policromáticos;VIGENTE;;
XXII;Produtos eletrônicos, eletroeletrônicos e eletrodomésticos;69;21.068.00;8528.52.20;85285220;Outros monitores capazes de serem conectados diretamente a uma máquina automática para processamento de dados da posição 84.71 e concebidos para serem utilizados com esta máquina, policromáticos;VIGENTE;;
XXII;Produtos eletrônicos, eletroeletrônicos e eletrodomésticos;70;21.069.00;8528.7;85287;Aparelhos receptores de televisão, mesmo que incorporem um aparelho receptor de radiodifusão ou um aparelho de gravação ou reprodução de som ou de imagens - Televisores de CRT (tubo de raios catódicos);VIGENTE;;
XXII;Produtos eletrônicos, eletroeletrônicos e eletrodomésticos;71;21.070.00;8528.7;85287;Aparelhos receptores de televisão, mesmo que incorporem um aparelho receptor de radiodifusão ou um aparelho de gravação ou reprodução de som ou de imagens - Televisores de LCD (Display de Cristal Líquido);VIGENTE;;
XXII;Produtos eletrônicos, eletroeletrônicos e eletrodomésticos;72;21.071.00;8528.7;85287;Aparelhos receptores de televisão, mesmo que incorporem um aparelho receptor de radiodifusão ou um aparelho de gravação ou reprodução de som ou de imagens - Televisores de Plasma;VIGENTE;;
XXII;Produtos eletrônicos, eletroeletrônicos e eletrodomésticos;73;21.072.00;8528.7;85287;Outros aparelhos receptores de televisão não dotados de monitores ou display de vídeo;VIGENTE;;
XXII;Produtos eletrônicos, eletroeletrônicos e eletrodomésticos;74;21.073.00;8528.7;85287;Outros aparelhos receptores de televisão não relacionados nos CEST 21.069.00, 21.070.00, 21.071.00 e 21.072.00;VIGENTE;;
XXII;Produtos eletrônicos, eletroeletrônicos e eletrodomésticos;75;21.074.00;9006.59;900659;Câmeras fotográficas dos tipos utilizadas para preparação de clichês ou cilindros de impressão;VIGENTE;;
XXII;Produtos eletrônicos, eletroeletrônicos e eletrodomésticos;76;21.075.00;9006.40.00;90064000;Câmeras fotográficas para filmes de revelação e copiagem instantâneas;VIGENTE;;
XXII;Produtos eletrônicos, eletroeletrônicos e eletrodomésticos;77;21.076.00;9018.90.50;90189050;Aparelhos de diatermia;VIGENTE;;
XXII;Produtos eletrônicos, eletroeletrônicos e eletrodomésticos;78;21.077.00;9019.10.00;90191000;Aparelhos de massagem;VIGENTE;;
XXII;Produtos eletrônicos, eletroeletrônicos e eletrodomésticos;79;21.078.00;9032.89.11;90328911;Reguladores de voltagem eletrônicos;VIGENTE;;
XXII;Produtos eletrônicos, eletroeletrônicos e eletrodomésticos;80;21.079.00;9504.50.00;95045000;Consoles e máquinas de jogos de vídeo, exceto os classificados na subposição 9504.30;VIGENTE;;
XXII;Produtos eletrônicos, eletroeletrônicos e eletrodomésticos;81;21.080.00;8517.62.1;8517621;Multiplexadores e concentradores;VIGENTE;;
XXII;Produtos eletrônicos, eletroeletrônicos e eletrodomésticos;82;21.081.00;8517.62.29;85176229;Centrais automáticas privadas, de capacidade inferior ou igual a 25 ramais;VIGENTE;;
XXII;Produtos eletrônicos, eletroeletrônicos e eletrodomésticos;82;21.081.00;8517.62.22;85176222;Centrais automáticas privadas, de capacidade inferior ou igual a 25 ramais;VIGENTE;;
XXII;Produtos eletrônicos, eletroeletrônicos e eletrodomésticos;83;21.082.00;8517.62.39;85176239;Outros aparelhos para comutação;VIGENTE;;
XXII;Produtos eletrônicos, eletroeletrônicos e eletrodomésticos;84;21.083.00;8517.62.4;8517624;Roteadores digitais, em redes com ou sem fio;VIGENTE;;
XXII;Produtos eletrônicos, eletroeletrônicos e eletrodomésticos;85;21.084.00;8517.62.62;85176262;Aparelhos emissores com receptor incorporado de tecnologia celular;VIGENTE;;
XXII;Produtos eletrônicos, eletroeletrônicos e eletrodomésticos;85;21.084.00;8517.62.62;85176262;Aparelhos emissores com receptor incorporado de sistema troncalizado (“trunking”), de tecnologia celular;VIGENTE;;
XXII;Produtos eletrônicos, eletroeletrônicos e eletrodomésticos;86;21.085.00;8517.62.9;8517629;Outros aparelhos de recepção, conversão e transmissão ou regeneração de voz, imagens ou outros dados, incluindo os aparelhos de comutação e roteamento;VIGENTE;;
XXII;Produtos eletrônicos, eletroeletrônicos e eletrodomésticos;87;21.086.00;8517.71.10;85177110;Antenas próprias para telefones celulares portáteis, exceto as telescópicas;VIGENTE;;
XXII;Produtos eletrônicos, eletroeletrônicos e eletrodomésticos;87;21.086.00;8517.70.21;85177021;Antenas próprias para telefones celulares portáteis, exceto as telescópicas;VIGENTE;;
XXII;Produtos eletrônicos, eletroeletrônicos e eletrodomésticos;88;21.087.00;8214.90;821490;Aparelhos ou máquinas de barbear, máquinas de cortar o cabelo ou de tosquiar e aparelhos de depilar, e suas partes;VIGENTE;;
XXII;Produtos eletrônicos, eletroeletrônicos e eletrodomésticos;88;21.087.00;8510;8510;Aparelhos ou máquinas de barbear, máquinas de cortar o cabelo ou de tosquiar e aparelhos de depilar, e suas partes;VIGENTE;;
XXII;Produtos eletrônicos, eletroeletrônicos e eletrodomésticos;89;21.088.00;8414.5;84145;Ventiladores, exceto os de uso agrícola e do CEST 21.088.01;REVOGADO;Portaria SRE-19/26;2026-08-01
XXII;Produtos eletrônicos, eletroeletrônicos e eletrodomésticos;89;21.088.00;8414.5;84145;Ventiladores, exceto os de uso agrícola;VIGENTE;;
XXII;Produtos eletrônicos, eletroeletrônicos e eletrodomésticos;89.1;21.088.01;8414.59.10;84145910;Microventiladores com área de carcaça inferior a 90 cm²;REVOGADO;Portaria SRE-19/26;2026-08-01
XXII;Produtos eletrônicos, eletroeletrônicos e eletrodomésticos;90;21.090.00;8414.60.00;84146000;Coifas com dimensão horizontal máxima não superior a 120 cm;REVOGADO;Portaria SRE-19/26;2026-08-01
XXII;Produtos eletrônicos, eletroeletrônicos e eletrodomésticos;91;21.091.00;8414.90.20;84149020;Partes de ventiladores ou coifas aspirantes;REVOGADO;Portaria SRE-19/26;2026-08-01
XXII;Produtos eletrônicos, eletroeletrônicos e eletrodomésticos;92;21.092.00;8415.10;841510;Máquinas e aparelhos de ar condicionado contendo um ventilador motorizado e dispositivos próprios para modificar a temperatura e a umidade, incluídos as máquinas e aparelhos em que a umidade não seja regulável separadamente;VIGENTE;;
XXII;Produtos eletrônicos, eletroeletrônicos e eletrodomésticos;92;21.092.00;8415.8;84158;Máquinas e aparelhos de ar condicionado contendo um ventilador motorizado e dispositivos próprios para modificar a temperatura e a umidade, incluídos as máquinas e aparelhos em que a umidade não seja regulável separadamente;VIGENTE;;
XXII;Produtos eletrônicos, eletroeletrônicos e eletrodomésticos;93;21.093.00;8415.10.11;84151011;Aparelhos de ar-condicionado tipo Split System (sistema com elementos separados) com unidade externa e interna;VIGENTE;;
XXII;Produtos eletrônicos, eletroeletrônicos e eletrodomésticos;94;21.094.00;8415.10.19;84151019;Aparelhos de ar-condicionado com capacidade inferior ou igual a 30.000 frigorias/hora;VIGENTE;;
XXII;Produtos eletrônicos, eletroeletrônicos e eletrodomésticos;95;21.095.00;8415.10.90;84151090;Aparelhos de ar-condicionado com capacidade acima de 30.000 frigorias/hora;VIGENTE;;
XXII;Produtos eletrônicos, eletroeletrônicos e eletrodomésticos;96;21.096.00;8415.90.10;84159010;Unidades evaporadoras (internas) de aparelho de ar-condicionado do tipo Split System (sistema com elementos separados), com capacidade inferior ou igual a 30.000 frigorias/hora;VIGENTE;;
XXII;Produtos eletrônicos, eletroeletrônicos e eletrodomésticos;97;21.097.00;8415.90.20;84159020;Unidades condensadoras (externas) de aparelho de ar-condicionado do tipo Split System (sistema com elementos separados), com capacidade inferior ou igual a 30.000 frigorias/hora;VIGENTE;;
XXII;Produtos eletrônicos, eletroeletrônicos e eletrodomésticos;98;21.098.00;8421.21.00;84212100;Aparelhos elétricos para filtrar ou depurar água (purificadores de água refrigerados), exceto os itens classificados no CEST 21.098.01;VIGENTE;;
XXII;Produtos eletrônicos, eletroeletrônicos e eletrodomésticos;99;21.098.01;8421.21.00;84212100;Outros aparelhos elétricos para filtrar ou depurar água;REVOGADO;Portaria SRE-19/26;2026-08-01
XXII;Produtos eletrônicos, eletroeletrônicos e eletrodomésticos;100;21.099.00;8424.30.10;84243010;Lavadora de alta pressão e suas partes;REVOGADO;Portaria SRE-19/26;2026-08-01
XXII;Produtos eletrônicos, eletroeletrônicos e eletrodomésticos;100;21.099.00;8424.30.90;84243090;Lavadora de alta pressão e suas partes;REVOGADO;Portaria SRE-19/26;2026-08-01
XXII;Produtos eletrônicos, eletroeletrônicos e eletrodomésticos;100;21.099.00;8424.90.90;84249090;Lavadora de alta pressão e suas partes;REVOGADO;Portaria SRE-19/26;2026-08-01
XXII;Produtos eletrônicos, eletroeletrônicos e eletrodomésticos;101;21.100.00;8467.21.00;84672100;Furadeiras elétricas;REVOGADO;Portaria SRE-19/26;2026-08-01
XXII;Produtos eletrônicos, eletroeletrônicos e eletrodomésticos;102;21.101.00;8516.2;85162;Aparelhos elétricos para aquecimento de ambientes;REVOGADO;Portaria SRE-19/26;2026-08-01
XXII;Produtos eletrônicos, eletroeletrônicos e eletrodomésticos;103;21.102.00;8516.31.00;85163100;Secadores de cabelo;VIGENTE;;
XXII;Produtos eletrônicos, eletroeletrônicos e eletrodomésticos;104;21.103.00;8516.32.00;85163200;Outros aparelhos para arranjos do cabelo;VIGENTE;;
XXII;Produtos eletrônicos, eletroeletrônicos e eletrodomésticos;105;21.104.00;8527;8527;Aparelhos receptores para radiodifusão, mesmo combinados num mesmo invólucro, com um aparelho de gravação ou de reprodução de som, ou com um relógio, exceto os classificados na posição 8527.1, 8527.2 e 8527.9 que sejam de uso automotivo;VIGENTE;;
XXII;Produtos eletrônicos, eletroeletrônicos e eletrodomésticos;106;21.105.00;8479.60.00;84796000;Climatizadores de ar;VIGENTE;;
XXII;Produtos eletrônicos, eletroeletrônicos e eletrodomésticos;107;21.106.00;8415.90.90;84159090;Outras partes para máquinas e aparelhos de ar-condicionado que contenham um ventilador motorizado e dispositivos próprios para modificar a temperatura e a umidade, incluindo as máquinas e aparelhos em que a umidade não seja regulável separadamente;VIGENTE;;
XXII;Produtos eletrônicos, eletroeletrônicos e eletrodomésticos;108;21.107.00;8525.89.1;8525891;Câmeras de televisão;VIGENTE;;
XXII;Produtos eletrônicos, eletroeletrônicos e eletrodomésticos;108;21.107.00;8525.80.19;85258019;Câmeras de televisão e suas partes;VIGENTE;;
XXII;Produtos eletrônicos, eletroeletrônicos e eletrodomésticos;109;21.108.00;8423.10.00;84231000;Balanças de uso doméstico;REVOGADO;Portaria SRE-19/26;2026-08-01
XXII;Produtos eletrônicos, eletroeletrônicos e eletrodomésticos;110;21.109.00;8540;8540;Tubos e válvulas, eletrônicos, de cátodo quente, cátodo frio ou fotocátodo (por exemplo, tubos e válvulas, de vácuo, de vapor ou de gás, ampolas retificadoras de vapor de mercúrio, tubos catódicos, tubos e válvulas para câmeras de televisão);VIGENTE;;
XXII;Produtos eletrônicos, eletroeletrônicos e eletrodomésticos;111;21.110.00;8517;8517;"Aparelhos elétricos para telefonia; outros aparelhos para transmissão ou recepção de voz, imagens ou outros dados, incluídos os aparelhos para comunicação em redes por fio ou redes sem fio, tal co mo uma rede local (LAN) ou uma rede de área estendida (WAN), incluídas suas partes, exceto os de uso automotivo, os classificados nos códigos NCM/SH 8517.62.51, 8517.62.52 e 8517.62.53 e no código CEST 21.127.00";VIGENTE;;
XXII;Produtos eletrônicos, eletroeletrônicos e eletrodomésticos;111;21.110.00;8517;8517;"Aparelhos elétricos para telefonia; outros aparelhos para transmissão ou recepção de voz, imagens ou outros dados, incluídos os aparelhos para comunicação em redes por fio ou redes sem fio (tal como uma rede local (LAN) ou uma rede de área estendida (WAN), incluídas suas partes, exceto os de uso automotivo e os classificados nos códigos 8517.62.51, 8517.62.52 e 8517.62.53";VIGENTE;;
XXII;Produtos eletrônicos, eletroeletrônicos e eletrodomésticos;112;21.111.00;8517;8517;Interfones, seus acessórios, tomadas e “plugs”;VIGENTE;;
XXII;Produtos eletrônicos, eletroeletrônicos e eletrodomésticos;113;21.112.00;8529;8529;"Partes reconhecíveis como exclusiva ou principalmente destinadas aos aparelhos das posições 8525 a 8528; exceto as de uso automotivo";VIGENTE;;
XXII;Produtos eletrônicos, eletroeletrônicos e eletrodomésticos;114;21.113.00;8531;8531;"Aparelhos elétricos de sinalização acústica ou visual (por exemplo, campainhas, sirenes, quadros indicadores, aparelhos de alarme para proteção contra roubo ou incêndio); exceto os de uso automotivo e os classificados nas posições 8531.10 e 8531.80.00.";VIGENTE;;
XXII;Produtos eletrônicos, eletroeletrônicos e eletrodomésticos;115;21.114.00;8531.10;853110;Aparelhos elétricos de alarme, para proteção contra roubo ou incêndio e aparelhos semelhantes, exceto os de uso automotivo;VIGENTE;;
XXII;Produtos eletrônicos, eletroeletrônicos e eletrodomésticos;116;21.115.00;8531.80.00;85318000;Outros aparelhos de sinalização acústica ou visual, exceto os de uso automotivo;VIGENTE;;
XXII;Produtos eletrônicos, eletroeletrônicos e eletrodomésticos;117;21.116.00;8534.00;853400;Circuitos impressos, exceto os de uso automotivo;VIGENTE;;
XXII;Produtos eletrônicos, eletroeletrônicos e eletrodomésticos;118;21.117.00;8541.41.11;85414111;Diodos emissores de luz (LED), exceto diodos “laser”;VIGENTE;;
XXII;Produtos eletrônicos, eletroeletrônicos e eletrodomésticos;118;21.117.00;8541.41.21;85414121;Diodos emissores de luz (LED), exceto diodos “laser”;VIGENTE;;
XXII;Produtos eletrônicos, eletroeletrônicos e eletrodomésticos;118;21.117.00;8541.41.22;85414122;Diodos emissores de luz (LED), exceto diodos “laser”;VIGENTE;;
XXII;Produtos eletrônicos, eletroeletrônicos e eletrodomésticos;118;21.117.00;8541.41.11;85414111;Diodos emissores de luz (LED), exceto diodos “laser”;VIGENTE;;
XXII;Produtos eletrônicos, eletroeletrônicos e eletrodomésticos;118;21.117.00;8541.41.21;85414121;Diodos emissores de luz (LED), exceto diodos “laser”;VIGENTE;;
XXII;Produtos eletrônicos, eletroeletrônicos e eletrodomésticos;118;21.117.00;8541.40.11;85414011;Diodos emissores de luz (LED), exceto diodos “laser”;VIGENTE;;
XXII;Produtos eletrônicos, eletroeletrônicos e eletrodomésticos;118;21.117.00;8541.40.21;85414021;Diodos emissores de luz (LED), exceto diodos “laser”;VIGENTE;;
XXII;Produtos eletrônicos, eletroeletrônicos e eletrodomésticos;118;21.117.00;8541.40.22;85414022;Diodos emissores de luz (LED), exceto diodos “laser”;VIGENTE;;
XXII;Produtos eletrônicos, eletroeletrônicos e eletrodomésticos;119;21.118.00;8543.70.92;85437092;Eletrificadores de cercas eletrônicos;VIGENTE;;
XXII;Produtos eletrônicos, eletroeletrônicos e eletrodomésticos;120;21.119.00;9030.3;90303;"Aparelhos e instrumentos para medida ou controle da tensão, intensidade, resistência ou da potência, sem dispositivo registrador; exceto os de uso automotivo";VIGENTE;;
XXII;Produtos eletrônicos, eletroeletrônicos e eletrodomésticos;121;21.120.00;9030.89;903089;Analisadores lógicos de circuitos digitais, de espectro de frequência, frequencímetros, fasímetros, e outros instrumentos e aparelhos de controle de grandezas elétricas e detecção;VIGENTE;;
XXII;Produtos eletrônicos, eletroeletrônicos e eletrodomésticos;122;21.121.00;9107.00;910700;Interruptores horários e outros aparelhos que permitam acionar um mecanismo em tempo determinado, munidos de maquinismo de aparelhos de relojoaria ou de motor síncrono;VIGENTE;;
XXII;Produtos eletrônicos, eletroeletrônicos e eletrodomésticos;123;21.122.00;9405;9405;"Aparelhos de iluminação (incluídos os projetores) e suas partes, não especificados nem compreendidos em outras posições; anúncios, cartazes ou tabuletas e placas indicadoras luminosos, e artigos semelhantes, contendo uma fonte luminosa fixa permanente, e suas partes não especificadas nem compreendidas em outras posições, com exceção dos itens classificados nos CEST 21.123.00, 21.124.00 e 21.125.00";VIGENTE;;
XXII;Produtos eletrônicos, eletroeletrônicos e eletrodomésticos;124;21.123.00;9405.1;94051;"Lustres e outros aparelhos elétricos de iluminação, próprios para serem suspensos ou fixados no teto ou na parede, exceto os dos tipos utilizados na iluminação pública; e suas partes";VIGENTE;;
XXII;Produtos eletrônicos, eletroeletrônicos e eletrodomésticos;124;21.123.00;9405.9;94059;"Lustres e outros aparelhos elétricos de iluminação, próprios para serem suspensos ou fixados no teto ou na parede, exceto os dos tipos utilizados na iluminação pública; e suas partes";VIGENTE;;
XXII;Produtos eletrônicos, eletroeletrônicos e eletrodomésticos;124;21.123.00;9405.10;940510;"Lustres e outros aparelhos elétricos de iluminação, próprios para serem suspensos ou fixados no teto ou na parede, exceto os dos tipos utilizados na iluminação pública; e suas partes";VIGENTE;;
XXII;Produtos eletrônicos, eletroeletrônicos e eletrodomésticos;124;21.123.00;9405.9;94059;"Lustres e outros aparelhos elétricos de iluminação, próprios para serem suspensos ou fixados no teto ou na parede, exceto os dos tipos utilizados na iluminação pública; e suas partes";VIGENTE;;
XXII;Produtos eletrônicos, eletroeletrônicos e eletrodomésticos;125;21.124.00;9405.2;94052;Abajures de cabeceiras, de escritório e lampadários de interior, elétricos e suas partes;VIGENTE;;
XXII;Produtos eletrônicos, eletroeletrônicos e eletrodomésticos;125;21.124.00;9405.9;94059;Abajures de cabeceiras, de escritório e lampadários de interior, elétricos e suas partes;VIGENTE;;
XXII;Produtos eletrônicos, eletroeletrônicos e eletrodomésticos;125;21.124.00;9405.20.00;94052000;Abajures de cabeceiras, de escritório e lampadários de interior, elétricos e suas partes;VIGENTE;;
XXII;Produtos eletrônicos, eletroeletrônicos e eletrodomésticos;125;21.124.00;9405.9;94059;Abajures de cabeceiras, de escritório e lampadários de interior, elétricos e suas partes;VIGENTE;;
XXII;Produtos eletrônicos, eletroeletrônicos e eletrodomésticos;126;21.125.00;9405.4;94054;Outras luminárias e aparelhos de iluminação, elétricos, e suas partes;VIGENTE;;
XXII;Produtos eletrônicos, eletroeletrônicos e eletrodomésticos;126;21.125.00;9405.9;94059;Outras luminárias e aparelhos de iluminação, elétricos, e suas partes;VIGENTE;;
XXII;Produtos eletrônicos, eletroeletrônicos e eletrodomésticos;126;21.125.00;9405.40;940540;Outros aparelhos elétricos de iluminação e suas partes;VIGENTE;;
XXII;Produtos eletrônicos, eletroeletrônicos e eletrodomésticos;126;21.125.00;9405.9;94059;Outros aparelhos elétricos de iluminação e suas partes;VIGENTE;;
XXII;Produtos eletrônicos, eletroeletrônicos e eletrodomésticos;127;21.127.00;8517.62.77;85176277;Aparelho emissor com receptor incorporado, digital, com tecnologias de transmissão/recepção sem fio, tela sensíve l ao toque “smartwatch”;VIGENTE;;
